Country_Name,region,Homicide_per_100k,Homicide_F_percentage,Homicide_M_percentage,Electoral_Democracy,Liberal_Democracy,Participatory_Democracy,Deliberative_Democracy,Egalitarian_Democracy,Primary_Enrolled_per_K,Secondary_Low_Enrolled_per_K,Secondary_Up_Enrolled_per_K,Happiness_Score,Gdp_per_Capita,Social_Support,Healthy_Life_Exp,Freedom_of_Choices,Generosity,Corruption,Infant_mortality_per_K,Increase_Rase_Percent,Life_Exp_Birth_F_Y,Life_Exp_Birth_Y,Child_per_W,Life_Exp_Birth_M_Y,Population,Area_km2,Density_per_km2,Growth_Rate,World_Population_Percentage,Seats_percentage
Afghanistan,Asia,4,NULL,NULL,0.158,0.043,0.048,0.041,0.082,6.199,1.669,982,3.575,0.31982,0.30285,0.30335,0.23414,0.3651,0.09719,40.8,2.7,66.2,62.9,4.5,59.8,41128771,652230,63.0587,1.0257,0.52,27
Albania,Europe,2.3,0.8,3.8,0.489,0.41,0.302,0.312,0.368,188,175,140,4.959,0.87867,0.80434,0.81325,0.35733,0.14272,0.06413,8.2,-0.4,79.5,76.8,1.4,74.5,2842321,28748,98.8702,0.9957,0.04,35.7
Algeria,Africa,1.6,0.7,2.4,0.281,0.138,0.111,0.187,0.267,3.925,NULL,NULL,5.605,0.93929,1.07772,0.61766,0.28579,0.07822,0.17383,16.6,1.6,78.5,77.1,2.8,75.9,44903225,2381741,18.8531,1.0164,0.56,8.1
Andorra,Europe,NULL,NULL,NULL,NULL,NULL,NULL,NULL,NULL,4,3,1,NULL,NULL,NULL,NULL,NULL,NULL,NULL,5.4,0.3,85.8,83.6,1.1,81.4,79824,468,170.5641,1.01,0,46.4
Angola,Africa,NULL,NULL,NULL,0.342,0.168,0.093,0.163,0.142,5.621,NULL,NULL,4.033,0.75778,0.8604,0.16683,0.10384,0.12344,0.07122,48.2,3,64.5,61.9,5.2,59.4,35588987,1246700,28.5466,1.0315,0.45,29.6
Antigua and Barbuda,Americas,17.2,10.3,24.7,NULL,NULL,NULL,NULL,NULL,10,5,3,NULL,NULL,NULL,NULL,NULL,NULL,NULL,5,0.6,81.6,79.2,1.6,76.5,93763,442,212.1335,1.0058,0,11.1
Argentina,Americas,4.6,1.3,8,0.811,0.657,0.551,0.666,0.621,4.784,2.723,1.779,6.574,1.05351,1.24823,0.78723,0.44974,0.11451,0.08484,8.8,0.5,79.3,76.1,1.9,72.9,45510318,2780400,16.3683,1.0052,0.57,44.8
Armenia,Asia,2.2,0.9,3.7,0.726,0.541,0.457,0.581,0.604,145,NULL,97,4.35,0.76821,0.77711,0.7299,0.19847,0.07855,0.039,8.1,-0.2,78.4,73.4,1.6,67.9,2780469,29743,93.4831,0.9962,0.03,34.6
Australia,Oceania,0.7,0.4,1.1,0.849,0.804,0.609,0.775,0.717,2.141,1.408,1.301,7.284,1.33358,1.30923,0.93156,0.65124,0.43562,0.35637,2.8,1,85.5,83.6,1.6,81.7,26177413,7692024,3.4032,1.0099,0.33,31.1
Austria,Europe,0.7,0.9,0.6,0.827,0.751,0.588,0.697,0.743,328,334,358,7.2,1.33723,1.29704,0.89042,0.62433,0.33088,0.18676,2.5,0.2,84.6,82.4,1.5,80.2,8939617,83871,106.5877,1.002,0.11,41.5
Azerbaijan,Asia,1.9,1.3,2.5,0.196,0.066,0.062,0.051,0.113,551,574,NULL,5.212,1.02389,0.93793,0.64045,0.3703,0.07799,0.16065,16.4,0.6,76.2,73.5,1.7,70.6,10358074,86600,119.6082,1.0044,0.13,18.3
Bahamas,Americas,29.2,2.8,57.9,NULL,NULL,NULL,NULL,NULL,33,13,13,NULL,NULL,NULL,NULL,NULL,NULL,NULL,10.1,0.7,77.8,74.4,1.4,70.8,409984,13943,29.4043,1.0051,0.01,18
Bahrain,Asia,0.1,0.2,0,0.121,0.054,0.036,0.068,0.113,108,47,45,5.96,1.32376,1.21624,0.74716,0.45492,0.17362,0.306,5.4,0.9,80.5,79.2,1.8,78.2,1472233,765,1924.4876,1.0061,0.02,15
Bangladesh,Asia,NULL,NULL,NULL,0.263,0.103,0.124,0.113,0.099,NULL,8.247,6.32,4.694,0.39753,0.43106,0.60164,0.4082,0.21222,0.12569,20.4,1,76,73.7,2,71.5,171186372,147570,1160.035,1.0108,2.15,20.9
Barbados,Americas,11.4,4.1,19.3,0.794,0.678,0.349,0.681,0.663,21,12,8,NULL,NULL,NULL,NULL,NULL,NULL,NULL,10.4,0.1,79.6,77.7,1.6,75.7,281635,430,654.9651,1.0015,0,20
Belarus,Europe,NULL,NULL,NULL,0.176,0.038,0.061,0.041,0.221,387,445,200,5.813,1.03192,1.23289,0.73608,0.37938,0.11046,0.1909,1.9,-0.3,78.4,73.2,1.5,68.1,9534954,207600,45.9295,0.9955,0.12,40
Belgium,Europe,1.1,0.2,2,0.893,0.82,0.636,0.823,0.826,783,445,773,6.937,1.30782,1.28566,0.89667,0.5845,0.2225,0.2254,2.9,0.3,84.4,82.3,1.6,80.2,11655930,30528,381.8111,1.0038,0.15,42
Belize,Americas,31.2,5.5,56.7,NULL,NULL,NULL,NULL,NULL,52,29,9,NULL,NULL,NULL,NULL,NULL,NULL,NULL,10.1,1.3,74.7,71,2,67.7,405272,22966,17.6466,1.0131,0.01,12.5
Benin,Africa,NULL,NULL,NULL,0.418,0.289,0.252,0.298,0.333,2.238,707,257,3.34,0.28665,0.35386,0.3191,0.4845,0.1826,0.0801,54.4,2.7,61.7,60,4.9,58.3,13352864,112622,118.5635,1.0274,0.17,7.4
Bhutan,Asia,NULL,NULL,NULL,0.571,0.476,0.359,0.505,0.481,99,54,21,5.253,0.77042,1.10395,0.57407,0.53206,0.47998,0.15445,20.7,0.6,74.2,72.2,1.4,70.6,782455,38394,20.3796,1.0064,0.01,17.4
Bolivia,Americas,3.5,2.9,3.8,0.604,0.357,0.426,0.416,0.397,1.345,453,781,5.89,0.68133,0.97841,0.5392,0.57414,0.20536,0.088,24.9,1.2,67.9,64.9,2.6,62.3,12224110,1098581,11.1272,1.012,0.15,46.2
Bosnia and Herzegovina,Europe,1,0.4,1.6,0.519,0.357,0.316,0.351,0.369,163,134,144,4.949,0.83223,0.91916,0.79081,0.09245,0.24808,0.00227,4.9,-0.8,77.5,75.3,1.3,73.1,3233526,51209,63.1437,0.9886,0.04,26.2
Botswana,Africa,10.5,7.6,NULL,0.596,0.485,0.401,0.452,0.429,345,124,NULL,4.332,0.99355,1.10464,0.04776,0.49495,0.10461,0.12474,33.1,1.7,68.4,65.9,2.8,63.3,2630296,582000,4.5194,1.0162,0.03,11.1
Brazil,Americas,NULL,NULL,NULL,0.667,0.513,0.416,0.412,0.318,16.299,13.815,9.687,6.983,0.98124,1.23287,0.69702,0.49049,0.14574,0.17521,12.3,0.5,76.6,73.4,1.6,70.3,215313498,8515767,25.2841,1.0046,2.7,14.8
Brunei Darussalam,Asia,NULL,NULL,NULL,NULL,NULL,NULL,NULL,NULL,40,14,38,NULL,NULL,NULL,NULL,NULL,NULL,NULL,9.3,0.8,76.8,74.6,1.8,72.5,449002,5765,77.8841,1.0081,0.01,9.1
Bulgaria,Europe,1.3,0.8,1.8,0.667,0.555,0.488,0.56,0.498,262,224,278,4.218,1.01216,1.10614,0.76649,0.30587,0.11921,0.00872,5.3,-1.5,75.1,71.5,1.6,68.3,6781953,110879,61.1654,0.9849,0.09,22.5
Burkina Faso,Africa,NULL,NULL,NULL,0.628,0.428,0.345,0.495,0.397,2.707,812,153,3.587,0.25812,0.85188,0.27125,0.39493,0.21747,0.12832,47.4,2.5,61.5,59.8,4.7,58,22673762,272967,83.0641,1.0259,0.28,6.3
Burundi,Africa,NULL,NULL,NULL,0.18,0.07,0.091,0.092,0.112,2.072,500,164,2.905,0.0153,0.41587,0.22396,0.1185,0.19727,0.10062,36.3,2.7,63.9,62,5,60.1,12889576,27834,463.0874,1.027,0.16,38.2
Cabo Verde,Africa,NULL,NULL,NULL,0.773,0.676,0.489,0.643,0.598,66,35,24,NULL,NULL,NULL,NULL,NULL,NULL,NULL,11.4,0.9,79,74.7,1.9,70.3,593149,4033,147.0739,1.0089,0.01,38.9
Cambodia,Asia,NULL,NULL,NULL,0.197,0.065,0.119,0.065,0.086,2.012,547,NULL,3.819,0.46038,0.62736,0.61114,0.66246,0.40359,0.07247,20.6,1,72.6,69.9,2.3,67.1,16767842,181035,92.6221,1.0108,0.21,20.8
Cameroon,Africa,NULL,NULL,NULL,0.291,0.123,0.114,0.1,0.184,4.37,1.47,638,4.252,0.4225,0.88767,0.23402,0.49309,0.20618,0.05786,45.8,2.6,62.6,61,4.4,59.4,27914536,475442,58.7128,1.0263,0.35,33.9
Canada,Americas,2.1,1,3.1,0.851,0.747,0.603,0.725,0.742,2.304,1.152,1.49,7.427,1.32629,1.32261,0.90563,0.63297,0.45811,0.32957,3.9,0.9,84.8,82.8,1.5,80.9,38454327,9984670,3.8513,1.0078,0.48,30.5
Central African Republic,Africa,NULL,NULL,NULL,0.334,0.175,0.141,0.167,0.164,NULL,NULL,NULL,3.678,0.0785,0,0.06699,0.48879,0.23835,0.08289,67.7,2.8,56.8,54.5,5.9,52.3,5579144,622984,8.9555,1.0224,0.07,12.9
Chad,Africa,NULL,NULL,NULL,0.189,0.051,0.117,0.112,0.078,2.27,357,156,3.667,0.34193,0.76062,0.1501,0.23501,0.18386,0.05269,65.5,3.1,54.8,53,6.2,51.3,17723315,1284000,13.8032,1.0316,0.22,31.2
Chile,Americas,3.6,0.7,6.6,0.836,0.779,0.59,0.773,0.645,1.478,514,1.032,6.67,1.10715,1.12447,0.85857,0.44132,0.33363,0.12869,4.9,0.1,81.9,79.5,1.5,77.2,19603733,756102,25.9274,1.0057,0.25,35.5
China,Asia,NULL,NULL,NULL,0.077,0.039,0.042,0.087,0.097,95.958,44.411,41.716,5.14,0.89012,0.94675,0.81658,0.51697,0.08185,0.02781,5.9,0,81.3,78.6,1.2,76,1425887337,9706961,146.8933,1,17.88,24.9
Colombia,Americas,27.5,4.1,51.5,0.646,0.485,0.425,0.417,0.321,4.479,3.458,1.335,6.477,0.91861,1.24018,0.69077,0.53466,0.18401,0.0512,10.9,0.3,77.1,73.7,1.7,70.3,51874024,1141748,45.4339,1.0069,0.65,18.6
Comoros,Africa,NULL,NULL,NULL,0.293,0.113,0.209,0.205,0.23,NULL,NULL,NULL,3.956,0.23906,0.79273,0.36315,0.22917,0.17441,0.199,45.5,1.8,66.1,63.7,3.9,61.5,836774,1862,449.3953,1.0184,0.01,16.7
Congo,Africa,NULL,NULL,NULL,0.245,0.108,0.193,0.197,0.134,842,NULL,140,3.989,0.67866,0.6629,0.31051,0.41466,0.12388,0.11686,36.7,2.3,64.6,63.1,4.1,61.5,5970424,342000,17.4574,1.0231,0.07,11.3
Costa Rica,Americas,11.4,2.2,20.6,0.898,0.85,0.648,0.849,0.801,473,291,169,7.226,0.95578,1.23788,0.86027,0.63376,0.25497,0.10583,6.8,0.5,80,77.3,1.5,74.8,5180829,51100,101.3861,1.0052,0.06,45.6
Côte d'Ivoire,Africa,NULL,NULL,NULL,0.436,0.239,0.311,0.401,0.252,NULL,NULL,NULL,3.655,0.46534,0.77115,0.15185,0.46866,0.20165,0.17922,NULL,NULL,NULL,NULL,NULL,NULL,28160542,322463,87.3295,1.0248,0.35,NULL
Croatia,Europe,0.8,0.7,1,0.754,0.65,0.524,0.557,0.593,162,179,182,5.759,1.08254,0.79624,0.78805,0.25883,0.05444,0.0243,3,-0.5,82,79.2,1.4,76.4,4030358,56594,71.2153,0.9927,0.05,31.8
Cuba,Americas,NULL,NULL,NULL,0.179,0.057,0.088,0.099,0.242,746,408,418,NULL,NULL,NULL,NULL,NULL,NULL,NULL,4,-0.2,80.6,78.2,1.4,75.8,11212191,109884,102.0366,0.9961,0.14,53.4
Cyprus,Asia,1.3,1.1,1.4,0.792,0.648,0.507,0.642,0.692,54,27,30,5.689,1.20813,0.89318,0.92356,0.40672,0.30638,0.06146,2.1,0.7,83.7,81.9,1.3,80.1,1251488,9251,135.2814,1.0059,0.02,14.3
Czechia,Europe,0.4,0.5,0.4,0.805,0.716,0.532,0.631,0.716,535,370,400,6.505,1.17898,1.20643,0.84483,0.46364,0.10686,0.02652,2.4,-0.1,81.2,78.1,1.7,75.1,10493986,78865,133.0627,0.9984,0.13,25.5
Democratic Republic of the Congo,Africa,NULL,NULL,NULL,0.35,0.15,0.2,0.273,0.192,13.763,2.152,2.467,NULL,NULL,NULL,NULL,NULL,NULL,NULL,50,3.2,62.1,59.7,6.1,57.5,99010212,2344858,42.2244,1.0325,1.24,12.8
Denmark,Europe,0.8,0.5,1.1,0.915,0.885,0.694,0.874,0.878,469,242,312,7.527,1.32548,1.36058,0.87464,0.64938,0.34139,0.48357,2.9,0.5,83.8,81.9,1.7,80,5882261,43094,136.4984,1.0048,0.07,39.7
Djibouti,Africa,NULL,NULL,NULL,0.255,0.125,0.139,0.148,0.193,63,38,22,4.369,0.44025,0.59207,0.36291,0.46074,0.18093,0.28105,36.5,1.4,65.5,62.9,2.8,60.3,1120849,23200,48.3125,1.0138,0.01,26.2
Dominica,Americas,13.8,5.5,22.2,NULL,NULL,NULL,NULL,NULL,8,4,2,NULL,NULL,NULL,NULL,NULL,NULL,NULL,11.4,0.4,76.5,73,1.6,69.9,72737,751,96.8535,1.0045,0,34.4
Dominican Republic,Americas,10.5,2.6,18.5,0.679,0.465,0.46,0.605,0.379,1.307,351,579,4.885,0.89537,1.17202,0.66825,0.57672,0.21684,0.14234,24.4,0.9,77.5,74.2,2.2,71,11228821,48671,230.7087,1.01,0.14,27.9
Ecuador,Americas,14,2.5,25.5,0.613,0.449,0.425,0.461,0.38,1.998,1.043,889,5.975,0.86402,0.99903,0.79075,0.48574,0.11541,0.1809,10.7,1.1,80.5,77.9,2,75.3,18001000,276841,65.0229,1.0114,0.23,38.7
Egypt,Africa,NULL,0.5,NULL,0.178,0.118,0.074,0.105,0.085,NULL,NULL,NULL,4.194,0.8818,0.747,0.61712,0.17288,0.11291,0.06324,16,1.5,72.6,70.2,2.9,67.9,110990103,1002450,110.7188,1.0158,1.39,27.7
El Salvador,Americas,18.2,4,33.5,0.443,0.187,0.261,0.205,0.216,741,366,234,6.13,0.76454,1.02507,0.67737,0.4035,0.10692,0.11776,9.9,0.4,75.8,71.5,1.8,66.8,6336392,21041,301.145,1.0035,0.08,27.4
Equatorial Guinea,Africa,NULL,NULL,NULL,0.172,0.053,0.049,0.043,0.115,93,27,NULL,NULL,NULL,NULL,NULL,NULL,NULL,NULL,53.8,2.4,63.3,61.2,4.2,59.4,1674908,28051,59.7094,1.0247,0.02,22
Eritrea,Africa,NULL,NULL,NULL,0.072,0.01,0.011,0.031,0.116,362,147,99,NULL,NULL,NULL,NULL,NULL,NULL,NULL,28.6,1.7,68.7,66.6,3.8,64.5,3684032,117600,31.3268,1.0176,0.05,NULL
Estonia,Europe,2,0.6,3.5,0.896,0.845,0.625,0.778,0.8,80,37,41,5.429,1.15174,1.22791,0.77361,0.44888,0.0868,0.15184,1.8,-0.2,83,79.2,1.7,75,1326062,45227,29.3201,0.998,0.02,25.7
Eswatini,Africa,12.7,NULL,NULL,0.12,0.096,0.111,0.052,0.068,241,68,32,4.867,0.71206,1.07284,0.07566,0.30658,0.18259,0.0306,39.2,0.7,60.6,56.4,2.8,52.6,1201670,17364,69.2047,1.0079,0.02,12.2
Ethiopia,Africa,NULL,NULL,NULL,0.289,0.144,0.157,0.241,0.228,16.198,4.233,796,4.512,0.19073,0.60406,0.44055,0.4345,0.24325,0.15048,31.9,2.5,68.9,65.6,4.1,62.6,123379924,1104300,111.7268,1.0257,1.55,41.5
Fiji,Oceania,NULL,NULL,NULL,0.401,0.27,0.204,0.303,0.287,109,63,37,NULL,NULL,NULL,NULL,NULL,NULL,NULL,17.9,0.7,70.2,68.3,2.5,66.5,929766,18272,50.8847,1.0056,0.01,19.6
Finland,Europe,NULL,NULL,NULL,0.867,0.828,0.614,0.8,0.785,355,178,362,7.406,1.29025,1.31826,0.88911,0.64169,0.23351,0.41372,1.6,0.1,84.9,82.4,1.4,79.8,5540745,338424,16.3722,1.0009,0.07,45.5
France,Europe,1.1,0.7,1.6,0.872,0.791,0.614,0.805,0.764,4.256,3.376,2.607,6.575,1.27778,1.26038,0.94579,0.55011,0.12332,0.20646,3.3,0.2,86,83.2,1.8,80.4,64626628,551695,117.1419,1.0015,0.81,39.5
Gabon,Africa,NULL,NULL,NULL,0.376,0.206,0.26,0.291,0.296,NULL,NULL,NULL,3.896,1.06024,0.90528,0.43372,0.31914,0.06822,0.11091,29.5,2,68.4,65.7,3.5,63.4,2388992,267668,8.9252,1.0204,0.03,15.4
Gambia,Africa,NULL,NULL,NULL,0.506,0.419,0.327,0.382,0.352,294,90,NULL,NULL,NULL,NULL,NULL,NULL,NULL,NULL,28,2.4,64.3,62.9,4.6,61.5,2705992,10689,253.1567,1.025,0.03,10.3
Georgia,Asia,NULL,NULL,NULL,0.647,0.497,0.413,0.527,0.509,289,139,138,4.297,0.7419,0.38562,0.72926,0.40577,0.05547,0.38331,8.2,-0.5,76.5,71.6,2.1,66.8,3744385,69700,53.7214,0.9964,0.05,19.1
Germany,Europe,0.8,0.8,0.9,0.872,0.823,0.629,0.833,0.809,2.879,4.543,2.57,6.75,1.32792,1.29937,0.89186,0.61477,0.28214,0.21843,3,-0.1,83.5,81,1.5,78.5,83369843,357114,233.4544,0.9995,1.05,34.9
Ghana,Africa,1.8,0.6,3.1,0.653,0.56,0.328,0.515,0.484,4.342,1.591,848,4.633,0.54558,0.67954,0.40132,0.42342,0.23087,0.04355,31.6,1.9,66.1,63.9,3.5,61.8,33475870,238533,140.3406,1.0196,0.42,14.6
Greece,Europe,0.9,0.6,1.1,0.786,0.655,0.542,0.691,0.666,644,321,342,4.857,1.15406,0.92933,0.88213,0.07699,0,0.01397,3.4,-0.5,83.3,80.6,1.4,78,10384971,131990,78.68,0.9942,0.13,21
Grenada,Americas,4,1.6,6.4,NULL,NULL,NULL,NULL,NULL,13,5,4,NULL,NULL,NULL,NULL,NULL,NULL,NULL,12.3,0.6,78.3,75.3,2,72.6,125438,344,364.6453,1.0066,0,46.7
Guatemala,Americas,20,6.1,34.1,0.49,0.313,0.301,0.264,0.199,2.382,819,401,6.123,0.74553,1.04356,0.64425,0.57733,0.27489,0.09472,19.8,1.4,71.8,68.7,2.4,65.7,17843908,108889,163.8725,1.0134,0.22,19.4
Guinea,Africa,NULL,NULL,NULL,0.271,0.103,0.198,0.108,0.158,1.649,448,219,3.656,0.17417,0.46475,0.24009,0.37725,0.28657,0.12139,63.9,2.4,60.2,59,4.3,57.6,13859341,245857,56.3716,1.0242,0.17,29.6
Guinea-Bissau,Africa,NULL,NULL,NULL,0.53,0.329,0.236,0.263,0.31,NULL,NULL,NULL,NULL,NULL,NULL,NULL,NULL,NULL,NULL,50.1,2.1,61.9,59.9,3.9,57.7,2105566,36125,58.2856,1.0218,0.03,13.7
Guyana,Americas,16.3,2.2,31,0.545,0.37,0.329,0.265,0.392,NULL,NULL,NULL,NULL,NULL,NULL,NULL,NULL,NULL,NULL,23.6,0.5,69.4,66,2.4,62.8,808726,214969,3.7621,1.0052,0.01,35.7
Haiti,Americas,13,1.9,24.3,0.366,0.214,0.205,0.269,0.101,NULL,NULL,NULL,4.518,0.26673,0.74302,0.38847,0.24425,0.46187,0.17175,43.4,1.2,66.7,63.7,2.8,60.9,11584996,27750,417.4773,1.012,0.15,NULL
Holy See,Europe,0,NULL,NULL,NULL,NULL,NULL,NULL,NULL,NULL,NULL,NULL,NULL,NULL,NULL,NULL,NULL,NULL,NULL,NULL,1,NULL,NULL,NULL,NULL,510,1,510,0.998,0,NULL
Honduras,Americas,38.3,6.5,69.5,0.403,0.252,0.263,0.279,0.16,1.154,399,239,4.788,0.59532,0.95348,0.6951,0.40148,0.23027,0.06825,12.8,1.5,73.2,70.7,2.3,68.5,10432860,112492,92.7431,1.015,0.13,27.3
Hungary,Europe,0.8,0.5,1.1,0.455,0.35,0.305,0.222,0.328,396,385,441,4.8,1.12094,1.20215,0.75905,0.32112,0.128,0.02758,3.3,5.6,78.3,75,1.6,71.6,9967308,93028,107.1431,1.0265,0.12,13.1
Iceland,Europe,0.5,0.6,0.5,0.832,0.743,0.612,0.726,0.738,30,13,24,7.561,1.30232,1.40223,0.94784,0.62877,0.4363,0.14145,1.4,0.7,84.3,82.8,1.7,81.4,372899,103000,3.6204,1.0069,0,47.6
India,Asia,2.9,2.5,3.3,0.42,0.332,0.265,0.298,0.258,127.828,66.46,63.083,4.565,0.64499,0.38174,0.51529,0.39786,0.26475,0.08492,26.3,0.7,69.4,67.7,2,66.3,1417173173,3287590,431.0675,1.0068,17.77,14.9
Indonesia,Asia,NULL,NULL,NULL,0.568,0.413,0.372,0.5,0.306,29.7,13.4,10.356,5.399,0.82827,1.08708,0.63793,0.46611,0.51535,0,17.7,0.6,70.4,68.3,2.2,66.2,275501339,1904569,144.6529,1.0064,3.45,21.9
Iran,Asia,NULL,NULL,NULL,0.181,0.116,0.051,0.134,0.166,7.67,NULL,NULL,4.686,1.0088,0.54447,0.69805,0.30033,0.38086,0.05863,10.3,0.7,77.5,74.6,1.7,71.9,88550570,1648195,53.7258,1.0071,1.11,5.6
Iraq,Asia,NULL,NULL,NULL,0.365,0.218,0.202,0.264,0.188,NULL,NULL,NULL,4.677,0.98549,0.81889,0.60237,0,0.17922,0.13788,17.6,2.2,73.4,71.3,3.4,69.2,44496122,438317,101.5158,1.0221,0.56,28.9
Ireland,Europe,0.4,0.3,0.6,0.895,0.832,0.638,0.814,0.797,545,190,165,6.94,1.33596,1.36948,0.89533,0.61777,0.45901,0.28703,2.5,0.7,84.4,82.7,1.8,81,5023109,70273,71.4799,1.0073,0.06,23.1
Israel,Asia,1.9,0.6,3.3,0.735,0.651,0.486,0.587,0.601,884,407,378,7.278,1.22857,1.22393,0.91387,0.41319,0.33172,0.07785,2.9,1.5,84.5,82.6,2.9,80.6,9038309,20770,435.1617,1.0155,0.11,30
Italy,Europe,0.5,0.4,0.6,0.849,0.768,0.673,0.774,0.781,2.856,1.773,2.833,5.948,1.25114,1.19777,0.95446,0.26236,0.22823,0.02901,2.1,-0.3,86,84.1,1.3,82,59037474,301336,195.9191,0.9966,0.74,36.3
Jamaica,Americas,52.1,9.3,95.6,0.8,0.693,0.525,0.639,0.664,259,131,84,5.709,0.81038,1.15102,0.68741,0.50442,0.2123,0.02299,11.3,-0.1,72.7,70.6,1.3,68.5,2827377,10991,257.2447,0.9999,0.04,28.6
Japan,Asia,0.2,0.2,0.2,0.838,0.739,0.537,0.753,0.762,6.638,3.551,3.67,5.987,1.27074,1.25712,0.99111,0.49615,0.10705,0.1806,1.7,-0.5,87.8,84.8,1.3,81.8,123951692,377930,327.9753,0.9947,1.55,9.7
Jordan,Asia,1,0.6,1.4,0.259,0.255,0.119,0.209,0.209,NULL,NULL,NULL,5.192,0.90198,1.05392,0.69639,0.40661,0.11053,0.14293,12.4,0.5,76.7,74.2,2.8,72.1,11285869,89342,126.3221,1.0123,0.14,12.3
Kazakhstan,Asia,NULL,NULL,NULL,0.257,0.127,0.094,0.133,0.205,1.196,1.209,470,5.855,1.12254,1.12241,0.64368,0.51649,0.11827,0.08454,8.5,1.1,73,69.5,3,65.8,19397998,2724900,7.1188,1.0105,0.24,27.4
Kenya,Africa,5.3,2.6,8,0.483,0.403,0.325,0.42,0.316,8.169,2.168,NULL,4.419,0.36471,0.99876,0.41435,0.42215,0.37542,0.05839,28,2,64.7,62.1,3.3,59.6,54027487,580367,93.0919,1.0193,0.68,21.4
Kiribati,Oceania,NULL,NULL,NULL,NULL,NULL,NULL,NULL,NULL,16,7,NULL,NULL,NULL,NULL,NULL,NULL,NULL,NULL,37.4,1.8,69.4,67.7,3.3,65.7,131232,811,161.815,1.0183,0,6.7
Kosovo,NULL,2,0.4,3.6,0.612,0.445,0.355,0.427,0.427,NULL,NULL,NULL,5.589,0.80148,0.81198,0.63132,0.24749,0.2831,0.04741,NULL,NULL,NULL,NULL,NULL,NULL,NULL,NULL,NULL,NULL,NULL,NULL
Kuwait,Asia,NULL,NULL,NULL,0.317,0.29,0.092,0.248,0.243,264,NULL,NULL,6.295,1.55422,1.16594,0.72492,0.55499,0.16228,0.25609,6.7,1,82.8,80.3,2.1,78.9,4268873,17818,239.5821,1.0044,0.05,1.6
Kyrgyzstan,Asia,NULL,NULL,NULL,0.413,0.257,0.224,0.296,0.24,451,472,171,5.286,0.47428,1.15115,0.65088,0.43477,0.3003,0.04232,13.1,1.6,74.9,70.5,2.9,66.2,6630623,199951,33.1612,1.0158,0.08,20.5
Lao People's Democratic Republic,Asia,NULL,NULL,NULL,0.135,0.099,0.125,0.066,0.125,NULL,NULL,NULL,4.876,0.59066,0.73803,0.54909,0.59591,0.42192,0.24249,NULL,NULL,NULL,NULL,NULL,NULL,7529475,236800,31.7968,1.0141,0.09,NULL
Latvia,Europe,3,3.6,2.4,0.824,0.735,0.587,0.674,0.698,117,55,62,5.098,1.11312,1.09562,0.72437,0.29671,0.18226,0.06332,2.8,-1.1,80.1,75.9,1.6,71.5,1850651,64559,28.666,0.9876,0.02,27
Lebanon,Asia,NULL,NULL,NULL,0.437,0.265,0.25,0.333,0.263,491,205,177,4.839,1.02564,0.80001,0.83947,0.33916,0.21854,0.04582,6.2,-2.3,76.6,74.4,2.1,72.2,5489739,10452,525.2334,0.9816,0.07,4.7
Lesotho,Africa,NULL,NULL,NULL,0.625,0.505,0.392,0.473,0.497,362,93,40,4.898,0.37545,1.04103,0.07612,0.31767,0.16388,0.12504,69,1,55.9,53,3,50.3,2305825,30355,75.962,1.0107,0.03,24.4
Liberia,Africa,NULL,NULL,NULL,0.634,0.461,0.35,0.432,0.412,684,142,85,4.571,0.0712,0.78968,0.34201,0.28531,0.24362,0.06232,57.3,2.1,62.4,61.1,4,59.8,5302681,111369,47.6136,1.021,0.07,11
Libya,Africa,NULL,NULL,NULL,0.271,0.144,0.178,0.239,0.162,NULL,NULL,NULL,5.754,1.13145,1.11862,0.7038,0.41668,0.18295,0.11023,9.1,1.1,74.8,72.2,2.4,69.7,6812341,1759540,3.8717,1.0114,0.09,16.5
Liechtenstein,Europe,5.1,5.1,5.2,NULL,NULL,NULL,NULL,NULL,2,2,2,NULL,NULL,NULL,NULL,NULL,NULL,NULL,5,0.7,86.1,84.7,1.5,83,39327,160,245.7937,1.0074,0,28
Lithuania,Europe,2.6,1.5,3.8,0.797,0.738,0.587,0.648,0.689,108,183,81,5.833,1.14723,1.25745,0.73128,0.21342,0.02641,0.01031,2.8,-1.4,79.1,74.3,1.6,69.5,2750055,65300,42.1142,0.9869,0.03,28.4
Luxembourg,Europe,0.6,NULL,NULL,0.881,0.794,0.627,0.839,0.821,36,22,25,6.946,1.56391,1.21963,0.91894,0.61583,0.28034,0.37798,3.1,1.1,84.8,82.6,1.4,80.4,647599,2586,250.425,1.0129,0.01,33.3
Madagascar,Africa,NULL,NULL,NULL,0.497,0.26,0.295,0.281,0.218,4.764,1.163,374,3.681,0.20824,0.66801,0.46721,0.19184,0.21333,0.08124,32.6,2.4,67.6,65.2,3.8,63,29611714,587041,50.4423,1.0241,0.37,18.5
Malawi,Africa,NULL,NULL,NULL,0.619,0.536,0.412,0.505,0.374,4.205,795,167,4.292,0.01604,0.41134,0.22562,0.43054,0.33128,0.06977,27.5,2.5,66.3,62.9,3.8,59.6,20405317,118484,172.22,1.0259,0.26,22.9
Malaysia,Asia,0.7,NULL,NULL,0.414,0.29,0.255,0.301,0.316,3.108,1.433,1.369,5.77,1.12486,1.07023,0.72394,0.53024,0.33075,0.10501,5.9,1.1,78.8,76.3,1.8,74,33938221,330803,102.5934,1.0109,0.43,15
Maldives,Asia,NULL,NULL,NULL,0.597,0.441,0.335,0.443,0.416,42,18,NULL,NULL,NULL,NULL,NULL,NULL,NULL,NULL,6,-0.4,81.8,80.8,1.7,80.1,523787,300,1745.9567,1.0045,0.01,4.6
Mali,Africa,NULL,NULL,NULL,0.246,0.161,0.177,0.241,0.183,2.227,632,314,3.995,0.26074,1.03526,0.20583,0.38857,0.18798,0.12352,53.3,3.1,60.8,59.4,5.9,58.1,22593590,1240192,18.2178,1.0314,0.28,26.5
Malta,Europe,0.4,0,0.7,0.779,0.64,0.56,0.632,0.688,25,13,17,6.302,1.2074,1.30203,0.88721,0.60365,0.51752,0.13586,5.3,0.3,85.7,83.7,1.2,81.6,533286,316,1687.6139,1.0124,0.01,13.4
Marshall Islands,Oceania,NULL,NULL,NULL,NULL,NULL,NULL,NULL,NULL,8,4,1,NULL,NULL,NULL,NULL,NULL,NULL,NULL,24.5,1,67.1,65.1,2.7,63.5,41569,181,229.663,0.9886,0,6.1
Mauritania,Africa,NULL,NULL,NULL,0.388,0.167,0.257,0.302,0.125,633,135,52,4.436,0.45407,0.86908,0.35874,0.24232,0.219,0.17461,43.6,2.6,66.4,64.7,4.3,63,4736139,1030700,4.5951,1.0263,0.06,20.3
Mauritius,Africa,2.6,1.8,3.4,0.546,0.435,0.352,0.475,0.426,102,64,65,5.477,1.00761,0.98521,0.7095,0.56066,0.37744,0.07521,13.4,0.1,77.1,74,1.4,71,1299469,2040,636.9946,1.0004,0.02,20
Mexico,Americas,28.2,6.2,50.5,0.617,0.371,0.381,0.379,0.331,14.398,8.66,4.813,7.187,1.02054,0.91451,0.81444,0.48181,0.14074,0.21312,10.9,0.8,78.2,74.8,1.8,71.5,127504125,1964375,64.9082,1.0063,1.6,50
Micronesia (Federated States of),Oceania,3.7,NULL,NULL,NULL,NULL,NULL,NULL,NULL,14,4,NULL,NULL,NULL,NULL,NULL,NULL,NULL,NULL,22,1,75.7,72.7,2.8,69.8,114164,702,162.6268,1.0091,0,7.1
Micronesia (Federated States of),Oceania,3.7,NULL,NULL,NULL,NULL,NULL,NULL,NULL,14,4,NULL,NULL,NULL,NULL,NULL,NULL,NULL,NULL,22,1,75.7,72.7,2.8,69.8,114164,702,162.6268,1.0091,0,7.1
Micronesia (Federated States of),Oceania,3.7,NULL,NULL,NULL,NULL,NULL,NULL,NULL,14,4,NULL,NULL,NULL,NULL,NULL,NULL,NULL,NULL,18.9,0.9,74.8,70.9,2.7,67.3,114164,702,162.6268,1.0091,0,7.1
Micronesia (Federated States of),Oceania,3.7,NULL,NULL,NULL,NULL,NULL,NULL,NULL,14,4,NULL,NULL,NULL,NULL,NULL,NULL,NULL,NULL,18.9,0.9,74.8,70.9,2.7,67.3,114164,702,162.6268,1.0091,0,7.1
Moldova (Republic of),Europe,NULL,NULL,NULL,0.745,0.616,0.515,0.6,0.573,NULL,NULL,NULL,5.889,0.59448,1.01528,0.61826,0.32818,0.20951,0.01615,NULL,NULL,NULL,NULL,NULL,NULL,3272996,33846,96.7026,1.0691,0.04,NULL
Monaco,Europe,NULL,NULL,NULL,NULL,NULL,NULL,NULL,NULL,2,2,1,NULL,NULL,NULL,NULL,NULL,NULL,NULL,3.6,-0.5,88.9,86.9,2.1,85.1,36469,2,18234.5,0.9941,0,33.3
Mongolia,Asia,6.2,2.5,9.8,0.626,0.491,0.334,0.47,0.431,251,NULL,123,4.874,0.82819,1.3006,0.60268,0.43626,0.3323,0.02666,8.8,1.5,77.4,72.7,2.8,68.1,3398366,1564110,2.1727,1.0151,0.04,17.1
Montenegro,Europe,2.4,0.6,4.2,0.507,0.41,0.305,0.423,0.411,38,31,29,5.192,0.97438,0.90557,0.72521,0.1826,0.1614,0.14296,1.2,-0.1,80.3,76.8,1.7,73.5,627082,13812,45.4012,0.9988,0.01,27.2
Morocco,Africa,1.9,0.5,3.3,0.264,0.24,0.162,0.256,0.209,4.039,1.667,NULL,5.013,0.73479,0.64095,0.60954,0.41691,0.07172,0.08546,14.4,1,77.2,75,2.3,72.9,37457971,446550,83.883,1.0103,0.47,24.1
Mozambique,Africa,NULL,NULL,NULL,0.357,0.237,0.24,0.249,0.234,5.902,805,268,4.971,0.08308,1.02626,0.09131,0.34037,0.22269,0.15603,52.8,2.7,62.7,59.6,4.6,56.5,32969517,801590,41.1302,1.0278,0.41,42.4
Myanmar,Asia,28.4,7.3,49.8,0.107,0.05,0.099,0.064,0.066,NULL,NULL,NULL,4.307,0.27108,0.70905,0.48246,0.44017,0.79588,0.19034,32.7,0.7,70.5,67.3,2.1,64.2,54179306,676578,80.0784,1.0071,0.68,15.3
Namibia,Africa,12.4,6.8,18.5,0.638,0.513,0.383,0.47,0.344,447,153,NULL,NULL,NULL,NULL,NULL,NULL,NULL,NULL,29.8,1.4,61.7,58.1,3.2,54.6,2567012,825615,3.1092,1.0146,0.03,44.2
Nauru,Oceania,NULL,NULL,NULL,NULL,NULL,NULL,NULL,NULL,2,NULL,NULL,NULL,NULL,NULL,NULL,NULL,NULL,NULL,15.3,0.9,67.8,64,3.5,60.5,12668,21,603.2381,1.0125,0,10.5
Nepal,Asia,NULL,NULL,NULL,0.605,0.478,0.39,0.349,0.383,4.335,1.835,1.341,4.514,0.35997,0.86449,0.56874,0.38282,0.32296,0.05907,20.3,1.2,72.4,70.5,2,68.6,30547580,147181,207.5511,1.0171,0.38,33.6
Netherlands,Europe,0.7,0.4,0.9,0.863,0.81,0.589,0.814,0.783,1.208,816,797,7.378,1.32944,1.28017,0.89284,0.61576,0.4761,0.31814,3,0.3,83.9,82.5,1.6,80.9,17564014,41850,419.6897,1.0036,0.22,40.7
New Zealand,Oceania,NULL,NULL,NULL,0.883,0.827,0.679,0.75,0.783,368,242,245,7.286,1.25018,1.31967,0.90837,0.63938,0.47501,0.42922,3.5,0.8,84.7,83,1.8,81.3,5185288,270467,19.1716,1.0108,0.07,49.2
Nicaragua,Americas,11,3.1,19.1,0.201,0.037,0.121,0.032,0.094,854,NULL,NULL,5.828,0.59325,1.14184,0.74314,0.55475,0.27815,0.19317,12.3,1.4,77.6,74.6,2.3,71.6,6948392,130373,53.2962,1.0143,0.09,50.6
Niger,Africa,NULL,NULL,NULL,0.528,0.398,0.338,0.493,0.358,2.445,482,114,3.845,0.0694,0.77265,0.29707,0.47692,0.19387,0.15639,40.1,3.7,63.4,62.1,6.7,60.8,26207977,1267000,20.6851,1.0378,0.33,25.9
Nigeria,Africa,NULL,NULL,NULL,0.493,0.329,0.331,0.315,0.266,25.443,6.18,4.936,5.268,0.65435,0.90432,0.16007,0.34334,0.27233,0.0403,71.9,2.4,54,53.6,5.1,53.3,218541212,923768,236.5759,1.0241,2.74,3.6
Niue,Oceania,NULL,NULL,NULL,NULL,NULL,NULL,NULL,NULL,0,0,0,NULL,NULL,NULL,NULL,NULL,NULL,NULL,19.4,0.3,72.9,71.2,2.4,69.5,1934,260,7.4385,0.9985,0,NULL
North Macedonia,Europe,NULL,NULL,NULL,0.585,0.389,0.398,0.436,0.388,109,85,84,5.007,0.91851,1.00232,0.73545,0.33457,0.22359,0.05327,4.9,-0.5,76.2,73.9,1.4,71.7,2093599,25713,81.4218,0.9954,0.03,41.7
Norway,Europe,0.5,0.6,0.5,0.901,0.86,0.646,0.874,0.862,431,195,249,7.522,1.459,1.33095,0.88521,0.66973,0.34699,0.36503,1.9,0.7,85.1,83.4,1.5,81.7,5434319,323802,16.7828,1.0058,0.07,45
Oman,Asia,0.2,0.2,0.3,0.172,0.138,0.124,0.062,0.185,351,149,138,6.853,1.36011,1.08182,0.76276,0.63274,0.21542,0.32524,8.6,1.4,76,73.9,2.6,72.4,4576298,309500,14.7861,1.0123,0.06,2.3
Pakistan,Asia,4,NULL,NULL,0.404,0.266,0.264,0.317,0.182,19.847,6.582,5.496,5.194,0.59543,0.41411,0.51466,0.12102,0.33671,0.10464,51.8,2,68.9,66.4,3.4,64.1,235824862,881912,267.4018,1.0191,2.96,20.5
Palau,Oceania,NULL,NULL,NULL,NULL,NULL,NULL,NULL,NULL,NULL,NULL,NULL,NULL,NULL,NULL,NULL,NULL,NULL,NULL,14.6,0,69.3,65.4,2.4,62.2,18055,459,39.3355,1.0017,0,6.3
Panama,Americas,12.7,2,23.4,0.738,0.552,0.444,0.566,0.45,418,195,122,6.786,1.06353,1.1985,0.79661,0.5421,0.24434,0.0927,12.7,1.3,80.1,76.8,2.3,73.7,4408581,75417,58.4561,1.0132,0.06,22.5
Papua New Guinea,Oceania,NULL,NULL,NULL,0.434,0.342,0.267,0.262,0.239,NULL,NULL,NULL,NULL,NULL,NULL,NULL,NULL,NULL,NULL,33.8,1.9,69.2,66,3.2,63.4,10142619,462840,21.9139,1.0194,0.13,0
Paraguay,Americas,7.8,1.9,13.7,0.581,0.43,0.358,0.35,0.253,727,NULL,253,5.878,0.75985,1.30477,0.66098,0.53899,0.3424,0.08242,16.4,1.1,73.6,70.5,2.4,67.6,6780744,406752,16.6705,1.0115,0.09,17.5
Peru,Americas,NULL,NULL,NULL,0.771,0.661,0.546,0.577,0.5,3.513,1.686,996,5.824,0.90019,0.97459,0.73017,0.41496,0.14982,0.05989,9.7,0.8,75.5,73.4,2.2,71.3,34049588,1285216,26.4933,1.0099,0.43,40
Philippines,Asia,NULL,NULL,NULL,0.436,0.28,0.289,0.376,0.187,14.453,5.696,1.624,5.073,0.70532,1.03516,0.58114,0.62545,0.24991,0.12279,21.6,1.5,74.2,72.2,2.7,70.2,115559009,342353,337.5434,1.0147,1.45,27.7
Poland,Europe,0.7,0.4,1,0.583,0.425,0.364,0.376,0.496,NULL,1.117,1.432,5.791,1.12555,1.27948,0.77903,0.53122,0.16759,0.04212,3.4,8.1,80.8,77,1.5,73.2,39857145,312679,127.4698,1.0404,0.5,28.3
Portugal,Europe,0.8,NULL,NULL,0.888,0.813,0.617,0.79,0.766,657,385,394,5.102,1.15991,1.13935,0.87519,0.51469,0.13719,0.01078,2.4,-0.2,84.9,82.2,1.4,79.3,10270865,92090,111.5307,0.9981,0.13,40
Qatar,Asia,0.3,0.5,0.3,0.09,0.086,0.023,0.104,0.103,130,52,44,6.611,1.69042,1.0786,0.79733,0.6404,0.32573,0.52208,5,0.8,83.1,81.6,1.8,80.6,2695122,11586,232.6189,1.0026,0.03,4.4
Republic of Korea,Asia,NULL,NULL,NULL,0.863,0.788,0.596,0.796,0.754,NULL,NULL,NULL,5.984,1.24461,0.95774,0.96538,0.33208,0.18557,0.07857,NULL,NULL,NULL,NULL,NULL,NULL,51815810,100210,517.0722,0.9997,0.65,NULL
Republic of Moldova,Europe,NULL,NULL,NULL,0.745,0.616,0.515,0.6,0.573,NULL,NULL,NULL,5.889,0.59448,1.01528,0.61826,0.32818,0.20951,0.01615,NULL,NULL,NULL,NULL,NULL,NULL,3272996,33846,96.7026,1.0691,0.04,NULL
Romania,Europe,1.3,0.8,1.8,0.768,0.611,0.583,0.553,0.548,947,785,778,5.124,1.04345,0.88588,0.7689,0.35068,0.13748,0.00649,5.4,4,77.6,74.1,1.7,70.7,19659267,238391,82.4665,1.0171,0.25,19.1
Russian Federation,Europe,NULL,NULL,NULL,0.252,0.102,0.164,0.117,0.19,NULL,NULL,NULL,5.716,1.13764,1.23617,0.66926,0.36679,0.00199,0.03005,NULL,NULL,NULL,NULL,NULL,NULL,144713314,17098242,8.4636,0.9973,1.81,NULL
Rwanda,Africa,NULL,NULL,NULL,0.235,0.119,0.175,0.219,0.21,2.451,336,231,3.465,0.22208,0.7737,0.42864,0.59201,0.22628,0.55191,28.3,2.3,69.2,67.1,3.7,64.8,13776698,26338,523.0731,1.0234,0.17,61.3
Saint Kitts and Nevis,Americas,29.4,4.1,56.5,NULL,NULL,NULL,NULL,NULL,5,3,2,NULL,NULL,NULL,NULL,NULL,NULL,NULL,7.8,0.2,75.7,72,1.5,68.7,47657,261,182.5939,1.0011,0,25
Saint Lucia,Americas,39,8.8,69.7,NULL,NULL,NULL,NULL,NULL,17,8,5,NULL,NULL,NULL,NULL,NULL,NULL,NULL,11.9,0.1,74.9,71.3,1.4,68,179857,616,291.9756,1.0011,0,11.1
Saint Vincent and the Grenadines,Americas,NULL,NULL,NULL,NULL,NULL,NULL,NULL,NULL,NULL,NULL,NULL,NULL,NULL,NULL,NULL,NULL,NULL,NULL,NULL,NULL,NULL,NULL,NULL,NULL,103948,389,267.2185,0.9963,0,NULL
Samoa,Oceania,NULL,NULL,NULL,NULL,NULL,NULL,NULL,NULL,32,9,17,NULL,NULL,NULL,NULL,NULL,NULL,NULL,15.1,1.5,75.3,72.6,3.9,70.1,222382,2842,78.2484,1.0165,0,7.8
San Marino,Europe,NULL,NULL,NULL,NULL,NULL,NULL,NULL,NULL,NULL,NULL,NULL,NULL,NULL,NULL,NULL,NULL,NULL,NULL,2.4,-0.1,84.7,83.4,1.1,82,33660,61,551.8033,0.9975,0,33.3
Sao Tome and Principe,Africa,NULL,NULL,NULL,0.69,0.584,0.433,0.526,0.494,36,15,7,NULL,NULL,NULL,NULL,NULL,NULL,NULL,12.6,2,71.9,68.8,3.8,66.1,227380,964,235.8714,1.0192,0,23.6
Saudi Arabia,Asia,NULL,NULL,NULL,0.016,0.044,0.02,0.06,0.112,3.494,1.637,1.683,6.411,1.39541,1.08393,0.72025,0.31048,0.13706,0.32524,5.5,1.5,79.5,77.9,2.4,76.7,36408820,2149690,16.9368,1.0128,0.46,19.9
Senegal,Africa,NULL,NULL,NULL,0.718,0.566,0.399,0.587,0.54,1.977,806,330,3.904,0.36498,0.97619,0.4354,0.36772,0.20843,0.10713,21,2.5,70.2,67.9,4.3,65.5,17316449,196722,88.025,1.0261,0.22,42.7
Serbia,Europe,1.1,0.7,1.4,0.348,0.243,0.234,0.198,0.306,279,290,263,5.123,0.92053,1.00964,0.74836,0.20107,0.19231,0.02617,4.4,-1.1,77,74.1,1.5,71.3,7221365,88361,81.7257,0.9897,0.09,40
Seychelles,Africa,4.7,NULL,NULL,0.714,0.64,0.3,0.64,0.582,9,4,3,NULL,NULL,NULL,NULL,NULL,NULL,NULL,11.4,0.4,76,71.7,2.3,68.2,107118,452,236.9867,1.0061,0,22.9
Sierra Leone,Africa,NULL,NULL,NULL,0.556,0.426,0.374,0.514,0.403,1.36,289,160,4.507,0.33024,0.95571,0,0.4084,0.21488,0.08786,70,2.1,61.7,60.4,3.9,59.1,8605718,71740,119.957,1.022,0.11,12.3
Singapore,Asia,0.1,0.1,0.1,0.433,0.345,0.124,0.368,0.366,239,NULL,NULL,6.798,1.52186,1.02,1.02525,0.54252,0.31105,0.4921,1.7,0.7,86.3,84.1,1,82,5975689,710,8416.4634,1.0058,0.07,29.1
Slovakia,Europe,1,0.6,1.2,0.856,0.778,0.62,0.682,0.696,216,254,200,5.995,1.16891,1.26999,0.78902,0.31751,0.16893,0.03431,4.7,7.2,78.8,75.3,1.6,71.9,5643453,49037,115.0856,1.0359,0.07,21.3
Slovenia,Europe,0.4,0.6,0.3,0.702,0.599,0.501,0.506,0.563,116,55,89,5.848,1.18498,1.27385,0.87337,0.60855,0.25328,0.03787,1.4,0,84.6,82.1,1.6,79.6,2119844,20273,104.5649,1.0002,0.03,28.9
Solomon Islands,Oceania,NULL,NULL,NULL,0.622,0.475,0.37,0.354,0.348,104,32,NULL,NULL,NULL,NULL,NULL,NULL,NULL,NULL,15.6,2.2,72.4,70.7,3.9,69.3,724273,28896,25.0648,1.0232,0.01,8
Somalia,Africa,NULL,NULL,NULL,0.169,0.102,0.091,0.148,0.084,NULL,NULL,NULL,NULL,NULL,NULL,NULL,NULL,NULL,NULL,66.2,3,58.2,56.1,6.2,54.1,17597511,637657,27.5971,1.0312,0.22,24.4
South Africa,Africa,41.9,NULL,NULL,0.702,0.582,0.438,0.627,0.49,7.556,2.032,3.248,4.642,0.92049,1.18468,0.27688,0.33207,0.11973,0.08884,28.1,0.8,64.2,61.5,2.3,58.6,59893885,1221037,49.0517,1.0084,0.75,46.7
South Sudan,Africa,NULL,NULL,NULL,0.132,0.054,0.081,0.123,0.026,1.274,108,56,NULL,NULL,NULL,NULL,NULL,NULL,NULL,60.7,1.5,57,55.6,4.3,54,10913164,619745,17.6091,1.0153,0.14,32.4
Spain,Europe,0.6,0.4,0.8,0.854,0.779,0.605,0.748,0.753,3.01,1.625,1.688,6.329,1.23011,1.31379,0.95562,0.45951,0.18227,0.06398,2.2,-0.1,86.5,83.9,1.3,81.2,47558630,505992,93.9909,1.0015,0.6,43
Sri Lanka,Asia,NULL,NULL,NULL,0.561,0.382,0.335,0.306,0.376,1.778,1.348,NULL,4.271,0.83524,1.01905,0.70806,0.53726,0.40828,0.09179,5.5,0.3,80.2,76.6,2,72.9,21832143,65610,332.7563,1.0027,0.27,5.3
State of Palestine,Asia,NULL,NULL,NULL,0.26,0.144,0.174,0.149,0.196,NULL,NULL,NULL,NULL,NULL,NULL,NULL,NULL,NULL,NULL,NULL,NULL,NULL,NULL,NULL,NULL,5250072,6220,844.063,1.0227,0.07,NULL
Sudan,Africa,NULL,NULL,NULL,0.169,0.074,0.08,0.057,0.101,4.518,1.027,1.033,4.55,0.52107,1.01404,0.36878,0.10081,0.19062,0.1466,37.5,2.6,68.2,65.6,4.4,63,46874204,1886068,24.8529,1.0267,0.59,NULL
Suriname,Americas,5.7,2.3,9.2,0.743,0.623,0.478,0.585,0.548,72,39,15,6.269,0.99534,0.972,0.6082,0.59657,0.16991,0.13633,16.1,0.8,73.6,70.3,2.3,67.2,618040,163820,3.7727,1.0082,0.01,29.4
Sweden,Europe,1.1,0.5,1.7,0.903,0.871,0.65,0.839,0.824,792,334,510,7.364,1.33171,1.28907,0.91087,0.6598,0.36262,0.43844,1.8,0.6,85.1,83.5,1.7,81.9,10549347,450295,23.4276,1.0079,0.13,46.1
Switzerland,Europe,0.5,0.6,0.4,0.898,0.851,0.801,0.863,0.834,490,262,353,7.587,1.39651,1.34951,0.94143,0.66557,0.29678,0.41978,3.1,0.7,85.9,84.3,1.5,82.5,8740472,41284,211.7157,1.0056,0.11,42.5
Syrian Arab Republic,Asia,NULL,NULL,NULL,0.138,0.036,0.053,0.024,0.058,NULL,NULL,NULL,3.006,0.6632,0.47489,0.72193,0.15684,0.47179,0.18906,NULL,NULL,NULL,NULL,NULL,NULL,22125249,185180,119.4797,1.0376,0.28,NULL
Tajikistan,Asia,NULL,NULL,NULL,0.184,0.048,0.057,0.061,0.072,683,822,NULL,4.786,0.39047,0.85563,0.57379,0.47216,0.22974,0.15072,23.4,1.9,73.5,71.3,3.1,69.2,9952787,143100,69.5513,1.0208,0.12,27
Thailand,Asia,NULL,NULL,NULL,0.198,0.171,0.111,0.057,0.157,5.081,3.29,3.467,6.455,0.9669,1.26504,0.7385,0.55664,0.5763,0.03187,7.1,0.2,83.9,79.7,1.3,75.5,71697030,513120,139.7276,1.0013,0.9,15.8
Timor-Leste,Asia,NULL,NULL,NULL,0.68,0.488,0.396,0.465,0.426,244,78,51,NULL,NULL,NULL,NULL,NULL,NULL,NULL,30.9,1.4,70.8,69.1,3,67.4,1341296,14874,90.1772,1.0154,0.02,40
Togo,Africa,NULL,NULL,NULL,0.422,0.238,0.272,0.355,0.318,1.498,NULL,NULL,2.839,0.20868,0.13995,0.28443,0.36453,0.16681,0.10731,43.9,2.3,62.2,61.6,4.2,60.9,8848699,56785,155.8281,1.0236,0.11,18.7
Tonga,Oceania,NULL,NULL,NULL,NULL,NULL,NULL,NULL,NULL,17,13,3,NULL,NULL,NULL,NULL,NULL,NULL,NULL,9.2,0.9,74.1,71.3,3.2,68.6,106858,747,143.0495,1.0079,0,3.7
Trinidad and Tobago,Americas,29.4,NULL,NULL,0.779,0.656,0.501,0.706,0.622,NULL,NULL,NULL,6.168,1.21183,1.18354,0.61483,0.55884,0.31844,0.0114,15,0.3,78.2,74.7,1.6,71.3,1531044,5130,298.4491,1.0035,0.02,26.2
Tunisia,Africa,NULL,NULL,NULL,0.538,0.388,0.356,0.467,0.463,1.115,488,520,4.739,0.88113,0.60429,0.73793,0.26268,0.06431,0.06358,13.5,0.8,77.4,74.3,2.1,71.4,12356117,163610,75.5218,1.0076,0.15,26.3
Türkiye,Asia,2.5,1,4,0.283,0.123,0.173,0.087,0.219,5.434,5.278,5.691,NULL,NULL,NULL,NULL,NULL,NULL,NULL,7.7,0.6,81.5,78.5,1.9,75.4,85341241,783562,108.9145,1.0067,1.07,17.4
Turkmenistan,Asia,NULL,NULL,NULL,0.15,0.036,0.032,0.03,0.087,NULL,NULL,NULL,5.548,0.95847,1.22668,0.53886,0.4761,0.16979,0.30844,32.9,1.4,72.9,69.4,2.6,65.9,6430770,488100,13.1751,1.014,0.08,25.9
Tuvalu,Oceania,NULL,NULL,NULL,NULL,NULL,NULL,NULL,NULL,1,NULL,NULL,NULL,NULL,NULL,NULL,NULL,NULL,NULL,17.6,0.8,69.4,64.9,3.1,61.1,11312,26,435.0769,1.0096,0,6.3
Uganda,Africa,8.5,NULL,NULL,0.291,0.203,0.183,0.257,0.163,8.264,NULL,NULL,3.931,0.21102,1.13299,0.33861,0.45727,0.29066,0.07267,30.4,2.8,65.7,63.6,4.5,61.5,47249585,241550,195.61,1.0304,0.59,33.8
Ukraine,Europe,3.8,NULL,NULL,0.513,0.312,0.322,0.426,0.37,1.537,1.714,656,4.681,0.79907,1.20278,0.6739,0.25123,0.15275,0.02961,7.1,-18.4,73.9,68.6,1.3,63.5,39701739,603500,65.7858,0.912,0.5,20.3
United Arab Emirates,Asia,0.5,0.4,0.5,0.099,0.082,0.032,0.086,0.134,461,260,NULL,6.901,1.42727,1.12575,0.80925,0.64157,0.26428,0.38583,5.2,0.8,81.4,79.2,1.4,77.7,9441129,83600,112.9322,1.0081,0.12,50
United Kingdom,Europe,NULL,NULL,NULL,0.862,0.787,0.633,0.766,0.715,4.621,2.335,4.04,6.867,1.26637,1.28548,0.90943,0.59625,0.51912,0.32067,3.2,0.3,83.8,82.2,1.6,80.4,67508936,242900,277.9289,1.0034,0.85,34.4
United Republic of Tanzania,Africa,NULL,NULL,NULL,0.372,0.339,0.257,0.313,0.332,NULL,NULL,NULL,3.781,0.2852,1.00268,0.38215,0.32878,0.34377,0.05747,NULL,NULL,NULL,NULL,NULL,NULL,65497748,945087,69.3034,1.03,0.82,NULL
United States of America,Americas,NULL,NULL,NULL,0.813,0.735,0.577,0.702,0.581,NULL,NULL,NULL,7.119,1.39451,1.24711,0.86179,0.54604,0.40105,0.1589,NULL,NULL,NULL,NULL,NULL,NULL,338289857,9372610,36.0935,1.0038,4.24,NULL
Uruguay,Americas,8.9,2.3,16,0.849,0.775,0.664,0.724,0.706,317,180,160,6.485,1.06166,1.2089,0.8116,0.60362,0.2324,0.24558,5.8,0,81.7,78,1.5,74.1,3422794,181034,18.9069,0.999,0.04,25.3
Uzbekistan,Asia,1.4,1.1,1.8,0.212,0.082,0.062,0.162,0.154,2.135,2.405,1.559,6.003,0.63244,1.34043,0.59772,0.65821,0.22837,0.30826,12.4,1.6,74.3,71.7,2.8,69,34627652,447400,77.3975,1.016,0.43,33.3
Vanuatu,Oceania,NULL,NULL,NULL,0.771,0.651,0.483,0.619,0.586,46,15,5,NULL,NULL,NULL,NULL,NULL,NULL,NULL,18.8,2.4,73.1,70.5,3.7,68.3,326740,12189,26.8061,1.0238,0,0
Venezuela,Americas,19.3,NULL,NULL,0.218,0.064,0.166,0.036,0.122,3.476,1.646,877,6.81,1.04424,1.25596,0.72052,0.42908,0.05841,0.11069,14.8,1.8,75.7,71.1,2.2,66.9,28301696,916445,30.882,1.0036,0.35,NULL
Viet Nam,Asia,NULL,NULL,NULL,0.157,0.112,0.168,0.189,0.186,NULL,NULL,NULL,5.36,0.63216,0.91226,0.74676,0.59444,0.1686,0.10441,NULL,NULL,NULL,NULL,NULL,NULL,98186856,331212,296.4472,1.0074,1.23,NULL
Yemen,Asia,NULL,NULL,NULL,0.114,0.035,0.067,0.018,0.028,NULL,NULL,NULL,4.077,0.54649,0.68093,0.40064,0.35571,0.09131,0.07854,46.8,2.2,67.2,63.7,3.7,60.5,33696614,527968,63.8232,1.0217,0.42,0
Zambia,Africa,NULL,NULL,NULL,0.411,0.318,0.27,0.221,0.259,3.216,471,NULL,5.129,0.47038,0.91612,0.29924,0.48827,0.19591,0.12468,38.2,2.7,64.5,61.8,4.2,59.1,20017675,752612,26.5976,1.028,0.25,15.1
Zimbabwe,Africa,6.1,1.9,10.9,0.291,0.194,0.221,0.215,0.191,2.658,NULL,NULL,4.61,0.271,1.03276,0.33475,0.25861,0.18987,0.08079,37.4,2.1,62.1,59.4,3.4,56.4,16320537,390757,41.7665,1.0204,0.2,30.6
