Country_Name;region;Homicide_per_100k;Homicide_F_percentage;Homicide_M_percentage;Electoral_Democracy;Liberal_Democracy;Participatory_Democracy;Deliberative_Democracy;Egalitarian_Democracy;Primary_Enrolled_per_K;Secondary_Low_Enrolled_per_K;Secondary_Up_Enrolled_per_K;Happiness_Score;Gdp_per_Capita;Social_Support;Healthy_Life_Exp;Freedom_of_Choices;Generosity;Corruption;Infant_mortality_per_K;Increase_Rase_Percent;Life_Exp_Birth_F_Y;Life_Exp_Birth_Y;Child_per_W;Life_Exp_Birth_M_Y;Population;Area_km2;Density_per_km2;Growth_Rate;World_Population_Percentage;Seats_percentage;Country Name;adolescent_fertility_rate;age_dependency_ratio_pct;stillbirths_number;death_injury_pct;death_noncommunicable_pct;education_spending_gdp_pct;unemployment_female_pct;safe_sanitation_pct;tobacco_use_pct;unemployment_male_pct;rural_population;basic_sanitation_pct;death_rate_crude;tuberculosis_incidence_per_100k;pop_80_plus_female;pop_80_plus_male;pop_80_plus_male_pct;pop_80_plus_female_pct;urban_population;pop_male_pct_total;health_spending_gdp_pct;rural_pop_pct_total;rural_pop_growth_pct;birth_rate_crude;death_communicable_pct;labor_force_total;alcohol_consumption_liters;urban_pop_growth_pct;net_migration;pop_female_pct_total;nb_terrorist_events
Afghanistan;Asia;4.0;;;0.158;0.043;0.048;0.041;0.082;6.199;1.669;982.0;3.575;0.31982;0.30285;0.30335;0.23414;0.3651;0.09719;40.8;2.7;66.2;62.9;4.5;59.8;41128771.0;652230.0;63.0587;1.0257;0.52;27.0;Afghanistan;86.8;87.65;37849.0;17.29;49.78;0.0;13.88;0.0;23.8;10.24;28042342.0;51.0;6.79;189.0;59648.0;40867.0;0.21;0.32;9727157.0;50.54;0.5;74.25;2.56;36.47;32.93;9991682.0;0.02;3.92;-8082.0;49.46;1617
Albania;Europe;2.3;0.8;3.8;0.489;0.41;0.302;0.312;0.368;188.0;175.0;140.0;4.959;0.87867;0.80434;0.81325;0.35733;0.14272;0.06413;8.2;-0.4;79.5;76.8;1.4;74.5;2842321.0;28748.0;98.8702;0.9957;0.04;35.7;Albania;15.01;47.28;128.0;3.04;93.94;3.92;11.32;50.48;23.0;11.58;1106598.0;99.18;8.48;16.0;50274.0;44301.0;3.1;3.53;1747593.0;50.06;2.87;38.77;-2.75;10.34;3.02;1433004.0;5.11;1.07;-8889.0;49.94;2
Algeria;Africa;1.6;0.7;2.4;0.281;0.138;0.111;0.187;0.267;3.925;;;5.605;0.93929;1.07772;0.61766;0.28579;0.07822;0.17383;16.6;1.6;78.5;77.1;2.8;75.9;44903225.0;2381741.0;18.8531;1.0164;0.56;8.1;Algeria;12.3;57.05;10028.0;7.66;79.36;6.04;18.68;62.41;21.0;8.53;11449736.0;86.14;4.39;61.0;237013.0;192727.0;0.89;1.13;31255632.0;50.95;4.07;26.81;-0.23;23.3;12.98;12396383.0;0.61;2.61;-36386.0;49.05;9
Andorra;Europe;;;;;;;;;4.0;3.0;1.0;;;;;;;;5.4;0.3;85.8;83.6;1.1;81.4;79824.0;468.0;170.5641;1.01;0.0;46.4;Andorra;5.98;37.96;1.0;0.0;0.0;3.15;0.0;100.0;32.0;0.0;9173.0;100.0;3.9;7.5;1564.0;1064.0;2.74;4.17;67170.0;50.88;5.31;12.02;2.41;7.0;0.0;0.0;11.05;1.67;1238.0;49.12;2
Angola;Africa;;;;0.342;0.168;0.093;0.163;0.142;5.621;;;4.033;0.75778;0.8604;0.16683;0.10384;0.12344;0.07122;48.2;3.0;64.5;61.9;5.2;59.4;35588987.0;1246700.0;28.5466;1.0315;0.45;29.6;Angola;141.28;92.31;25529.0;9.09;31.75;2.07;9.16;0.0;0.0;9.8;10942954.0;51.39;7.81;351.0;64478.0;40534.0;0.25;0.39;21410634.0;49.4;1.09;33.82;1.45;39.72;59.16;13629799.0;6.17;4.4;58986.0;50.6;
Antigua and Barbuda;Americas;17.2;10.3;24.7;;;;;;10.0;5.0;3.0;;;;;;;;5.0;0.6;81.6;79.2;1.6;76.5;93763.0;442.0;212.1335;1.0058;0.0;11.1;Antigua and Barbuda;30.83;40.48;6.0;5.37;84.79;3.46;0.0;0.0;0.0;0.0;69543.0;97.4;5.86;0.0;1112.0;591.0;1.34;2.31;22574.0;47.72;2.56;75.49;0.66;11.48;9.83;0.0;8.51;0.16;0.0;52.28;
Argentina;Americas;4.6;1.3;8.0;0.811;0.657;0.551;0.666;0.621;4.784;2.723;1.779;6.574;1.05351;1.24823;0.78723;0.44974;0.11451;0.08484;8.8;0.5;79.3;76.1;1.9;72.9;45510318.0;2780400.0;16.3683;1.0052;0.57;44.8;Argentina;46.15;55.14;3252.0;5.71;76.69;4.78;10.71;0.0;24.9;9.2;3599141.0;0.0;7.6;29.0;868995.0;398051.0;1.79;3.83;41339571.0;49.51;6.06;8.01;-0.51;14.78;17.6;20607477.0;8.04;1.13;4478.0;50.49;2
Armenia;Asia;2.2;0.9;3.7;0.726;0.541;0.457;0.581;0.604;145.0;;97.0;4.35;0.76821;0.77711;0.7299;0.19847;0.07855;0.039;8.1;-0.2;78.4;73.4;1.6;67.9;2780469.0;29743.0;93.4831;0.9962;0.03;34.6;Armenia;19.04;47.77;441.0;4.68;88.63;2.57;10.43;10.86;25.8;14.11;1037446.0;93.86;9.66;26.0;66317.0;21300.0;1.67;4.29;1783156.0;45.19;1.41;36.78;-0.75;12.89;6.69;1411206.0;4.98;-0.45;-25363.0;54.81;2
Australia;Oceania;0.7;0.4;1.1;0.849;0.804;0.609;0.775;0.717;2.141;1.408;1.301;7.284;1.33358;1.30923;0.93156;0.65124;0.43562;0.35637;2.8;1.0;85.5;83.6;1.6;81.7;26177413.0;7692024.0;3.4032;1.0099;0.33;31.1;Australia;8.94;52.93;769.0;5.94;89.11;5.13;5.1;95.51;14.0;5.21;3515460.0;100.0;6.7;6.8;594552.0;426809.0;3.4;4.66;21819366.0;49.61;7.55;13.88;0.67;12.1;4.94;13587463.0;10.09;1.61;235860.0;50.39;9
Austria;Europe;0.7;0.9;0.6;0.827;0.751;0.588;0.697;0.743;328.0;334.0;358.0;7.2;1.33723;1.29704;0.89042;0.62433;0.33088;0.18676;2.5;0.2;84.6;82.4;1.5;80.2;8939617.0;83871.0;106.5877;1.002;0.11;41.5;Austria;5.5;50.05;196.0;5.45;90.98;5.22;4.35;99.67;27.1;4.61;3683835.0;99.97;9.4;6.0;288812.0;169370.0;3.88;6.4;5196085.0;49.19;7.85;41.48;-0.08;9.6;3.57;4662739.0;11.97;0.82;41105.0;50.81;3
Azerbaijan;Asia;1.9;1.3;2.5;0.196;0.066;0.062;0.051;0.113;551.0;574.0;;5.212;1.02389;0.93793;0.64045;0.3703;0.07799;0.16065;16.4;0.6;76.2;73.5;1.7;70.6;10358074.0;86600.0;119.6082;1.0044;0.13;18.3;Azerbaijan;49.4;44.21;1356.0;3.76;90.25;3.18;5.69;69.04;24.2;4.02;4407577.0;96.13;5.6;60.0;80050.0;41134.0;0.83;1.58;5616706.0;49.36;1.28;43.97;0.05;14.1;5.99;4964822.0;1.97;1.48;392.0;50.64;2
Bahamas;Americas;29.2;2.8;57.9;;;;;;33.0;13.0;13.0;;;;;;;;10.1;0.7;77.8;74.4;1.4;70.8;409984.0;13943.0;29.4043;1.0051;0.01;18.0;Bahamas;26.02;40.29;55.0;13.86;75.43;2.7;10.02;0.0;10.7;10.07;68241.0;94.93;7.94;14.0;3983.0;2269.0;1.17;1.89;336316.0;47.89;3.08;16.87;0.02;11.49;10.71;235408.0;4.39;0.79;1001.0;52.11;
Bahrain;Asia;0.1;0.2;0.0;0.121;0.054;0.036;0.068;0.113;108.0;47.0;45.0;5.96;1.32376;1.21624;0.74716;0.45492;0.17362;0.306;5.4;0.9;80.5;79.2;1.8;78.2;1472233.0;765.0;1924.4876;1.0061;0.02;15.0;Bahrain;9.68;29.9;118.0;8.89;86.1;2.38;3.77;91.29;15.2;0.48;158474.0;100.0;2.0;14.0;3527.0;3106.0;0.33;0.63;1335714.0;62.47;2.31;10.61;-0.54;13.2;5.01;864850.0;1.58;0.58;-17127.0;37.53;3
Bangladesh;Asia;;;;0.263;0.103;0.124;0.113;0.099;;8.247;6.32;4.694;0.39753;0.43106;0.60164;0.4082;0.21222;0.12569;20.4;1.0;76.0;73.7;2.0;71.5;171186372.0;147570.0;1160.035;1.0108;2.15;20.9;Bangladesh;77.68;49.26;70304.0;7.13;70.26;1.68;6.63;27.72;35.2;3.32;103604879.0;54.91;5.28;221.0;735015.0;612986.0;0.75;0.88;61911343.0;49.64;0.52;62.6;-0.11;18.35;22.61;70248864.0;0.01;3.2;-344054.0;50.36;88
Barbados;Americas;11.4;4.1;19.3;0.794;0.678;0.349;0.681;0.663;21.0;12.0;8.0;;;;;;;;10.4;0.1;79.6;77.7;1.6;75.7;281635.0;430.0;654.9651;1.0015;0.0;20.0;Barbados;42.16;47.56;24.0;4.31;82.79;4.11;7.28;0.0;8.5;9.54;192882.0;98.09;8.91;0.0;5099.0;3071.0;2.29;3.49;87298.0;47.91;2.78;68.84;0.16;10.88;12.9;143823.0;9.47;0.21;-65.0;52.09;
Belarus;Europe;;;;0.176;0.038;0.061;0.041;0.221;387.0;445.0;200.0;5.813;1.03192;1.23289;0.73608;0.37938;0.11046;0.1909;1.9;-0.3;78.4;73.2;1.5;68.1;9534954.0;207600.0;45.9295;0.9955;0.12;40.0;Belarus;11.83;49.32;219.0;5.71;92.68;4.98;3.2;75.23;30.9;5.12;1974004.0;99.34;12.8;29.0;300468.0;92184.0;2.12;5.93;7445754.0;46.18;4.13;20.96;-2.32;9.3;1.61;4971033.0;10.9;0.37;15082.0;53.82;
Belgium;Europe;1.1;0.2;2.0;0.893;0.82;0.636;0.823;0.826;783.0;445.0;773.0;6.937;1.30782;1.28566;0.89667;0.5845;0.2225;0.2254;2.9;0.3;84.4;82.3;1.6;80.2;11655930.0;30528.0;381.8111;1.0038;0.15;42.0;Belgium;5.3;55.97;343.0;6.12;85.98;6.33;4.94;93.19;23.9;5.73;225069.0;99.49;9.5;8.9;410401.0;242033.0;4.27;7.05;11263911.0;49.33;8.1;1.96;-1.48;10.2;7.9;5194405.0;10.28;0.58;54395.0;50.67;6
Belize;Americas;31.2;5.5;56.7;;;;;;52.0;29.0;9.0;;;;;;;;10.1;1.3;74.7;71.0;2.0;67.7;405272.0;22966.0;17.6466;1.0131;0.01;12.5;Belize;64.4;51.59;51.0;18.85;65.22;5.91;13.96;0.0;8.8;6.03;210633.0;88.2;4.73;27.0;1767.0;1573.0;0.8;0.91;178462.0;50.36;4.09;54.13;1.56;18.89;15.94;177832.0;5.71;2.13;1164.0;49.64;
Benin;Africa;;;;0.418;0.289;0.252;0.298;0.333;2.238;707.0;257.0;3.34;0.28665;0.35386;0.3191;0.4845;0.1826;0.0801;54.4;2.7;61.7;60.0;4.9;58.3;13352864.0;112622.0;118.5635;1.0274;0.17;7.4;Benin;93.9;84.94;9656.0;9.19;38.98;3.0;1.74;2.59;7.2;1.24;6408115.0;18.63;9.25;55.0;29766.0;19618.0;0.32;0.48;5882329.0;50.06;0.54;52.14;1.84;37.67;51.83;4403417.0;8.35;4.04;3363.0;49.94;
Bhutan;Asia;;;;0.571;0.476;0.359;0.505;0.481;99.0;54.0;21.0;5.253;0.77042;1.10395;0.57407;0.53206;0.47998;0.15445;20.7;0.6;74.2;72.2;1.4;70.6;782455.0;38394.0;20.3796;1.0064;0.01;17.4;Bhutan;19.66;43.38;93.0;9.05;72.74;4.76;3.34;49.51;0.0;2.3;448104.0;75.4;6.63;164.0;4483.0;4103.0;1.01;1.24;319355.0;53.05;2.65;58.39;-0.52;12.87;18.21;367463.0;0.2;2.44;291.0;46.95;
Bolivia;Americas;3.5;2.9;3.8;0.604;0.357;0.426;0.416;0.397;1.345;453.0;781.0;5.89;0.68133;0.97841;0.5392;0.57414;0.20536;0.088;24.9;1.2;67.9;64.9;2.6;62.3;12224110.0;1098581.0;11.1272;1.012;0.15;46.2;Bolivia;65.63;57.96;2420.0;8.7;72.68;8.09;4.0;0.0;13.2;3.44;3559929.0;63.82;7.13;106.0;49312.0;30653.0;0.52;0.84;8217386.0;50.24;4.9;30.23;0.31;22.32;18.62;5684739.0;4.1;1.96;-8978.0;49.76;
Bosnia and Herzegovina;Europe;1.0;0.4;1.6;0.519;0.357;0.316;0.351;0.369;163.0;134.0;144.0;4.949;0.83223;0.91916;0.79081;0.09245;0.24808;0.00227;4.9;-0.8;77.5;75.3;1.3;73.1;3233526.0;51209.0;63.1437;0.9886;0.04;26.2;Bosnia and Herzegovina;10.22;47.43;82.0;3.77;94.42;0.0;18.75;0.0;35.5;13.63;1726532.0;0.0;12.27;27.0;80997.0;53006.0;3.21;4.74;1634179.0;49.17;6.22;51.37;-1.9;8.82;1.81;1344543.0;6.38;-0.38;-27848.0;50.83;
Botswana;Africa;10.5;7.6;;0.596;0.485;0.401;0.452;0.429;345.0;124.0;;4.332;0.99355;1.10464;0.04776;0.49495;0.10461;0.12474;33.1;1.7;68.4;65.9;2.8;63.3;2630296.0;582000.0;4.5194;1.0162;0.03;11.1;Botswana;51.15;58.43;961.0;9.39;45.71;8.4;21.97;0.0;19.8;18.42;745611.0;79.75;6.97;253.0;8319.0;4757.0;0.39;0.66;1754091.0;49.33;4.37;29.83;-0.45;24.89;44.9;1063621.0;8.16;2.99;2933.0;50.67;
Brazil;Americas;;;;0.667;0.513;0.416;0.412;0.318;16.299;13.815;9.687;6.983;0.98124;1.23287;0.69702;0.49049;0.14574;0.17521;12.3;0.5;76.6;73.4;1.6;70.3;215313498.0;8515767.0;25.2841;1.0046;2.7;14.8;Brazil;50.02;43.14;20321.0;11.55;74.74;5.96;14.49;47.85;13.2;10.15;27904512.0;89.3;6.57;46.0;2064074.0;1183575.0;1.14;1.92;183878366.0;49.16;3.92;13.18;-1.15;13.63;13.71;107415119.0;7.67;1.06;69186.0;50.84;2
Brunei Darussalam;Asia;;;;;;;;;40.0;14.0;38.0;;;;;;;;9.3;0.8;76.8;74.6;1.8;72.5;449002.0;5765.0;77.8841;1.0081;0.01;9.1;Brunei Darussalam;9.96;39.02;31.0;4.99;84.67;0.0;8.28;0.0;16.2;5.96;96625.0;95.83;4.83;64.0;1814.0;1238.0;0.55;0.86;341423.0;51.79;2.07;22.06;-0.54;14.58;10.34;217445.0;0.41;1.27;-587.0;48.21;
Bulgaria;Europe;1.3;0.8;1.8;0.667;0.555;0.488;0.56;0.498;262.0;224.0;278.0;4.218;1.01216;1.10614;0.76649;0.30587;0.11921;0.00872;5.3;-1.5;75.1;71.5;1.6;68.3;6781953.0;110879.0;61.1654;0.9849;0.09;22.5;Bulgaria;39.24;56.28;325.0;2.47;95.31;4.2;3.87;70.44;39.4;4.54;1719734.0;86.02;15.5;21.0;240370.0;130139.0;3.85;6.69;5256027.0;48.51;4.19;24.65;-2.07;8.8;2.21;3391873.0;11.92;-0.25;-11439.0;51.49;1
Burkina Faso;Africa;;;;0.628;0.428;0.345;0.495;0.397;2.707;812.0;153.0;3.587;0.25812;0.85188;0.27125;0.39493;0.21747;0.12832;47.4;2.5;61.5;59.8;4.7;58.0;22673762.0;272967.0;83.0641;1.0259;0.28;6.3;Burkina Faso;113.42;89.77;16079.0;11.13;34.77;5.41;4.64;8.94;14.9;4.74;14670338.0;22.82;8.75;47.0;33069.0;18536.0;0.18;0.31;6281301.0;49.79;2.25;70.02;1.82;36.69;54.1;7569473.0;9.81;4.8;-25277.0;50.21;10
Burundi;Africa;;;;0.18;0.07;0.091;0.092;0.112;2.072;500.0;164.0;2.905;0.0153;0.41587;0.22396;0.1185;0.19727;0.10062;36.3;2.7;63.9;62.0;5.0;60.1;12889576.0;27834.0;463.0874;1.027;0.16;38.2;Burundi;54.86;98.21;9444.0;12.06;36.76;5.35;0.86;0.0;12.2;0.89;10287647.0;45.75;7.35;107.0;20228.0;12126.0;0.21;0.34;1587191.0;49.64;2.39;86.63;2.88;36.32;51.17;4990348.0;4.13;5.79;14241.0;50.36;83
Cabo Verde;Africa;;;;0.773;0.676;0.489;0.643;0.598;66.0;35.0;24.0;;;;;;;;11.4;0.9;79.0;74.7;1.9;70.3;593149.0;4033.0;147.0739;1.0089;0.01;38.9;Cabo Verde;56.45;48.73;97.0;14.05;70.12;4.14;11.62;0.0;11.7;12.68;195065.0;78.82;5.16;46.0;6754.0;2745.0;0.96;2.33;381965.0;49.73;3.25;33.8;-0.35;17.46;15.83;240383.0;6.27;1.72;-1296.0;50.27;
Cambodia;Asia;;;;0.197;0.065;0.119;0.065;0.086;2.012;547.0;;3.819;0.46038;0.62736;0.61114;0.66246;0.40359;0.07247;20.6;1.0;72.6;69.9;2.3;67.1;16767842.0;181035.0;92.6221;1.0108;0.21;20.8;Cambodia;46.89;53.7;3976.0;9.24;67.72;2.83;0.18;32.07;21.9;0.12;12349492.0;66.96;5.95;287.0;69824.0;38304.0;0.48;0.85;3858254.0;49.49;1.68;76.19;0.59;20.28;23.03;8636531.0;8.48;2.9;-55607.0;50.51;
Cameroon;Africa;;;;0.291;0.123;0.114;0.1;0.184;4.37;1.47;638.0;4.252;0.4225;0.88767;0.23402;0.49309;0.20618;0.05786;45.8;2.6;62.6;61.0;4.4;59.4;27914536.0;475442.0;58.7128;1.0263;0.35;33.9;Cameroon;114.53;83.71;18384.0;10.46;37.73;3.05;4.14;0.0;7.5;3.17;11094657.0;42.4;8.16;179.0;59770.0;45481.0;0.35;0.46;14687684.0;49.86;0.41;43.03;1.4;36.15;51.82;10596388.0;10.1;3.82;-12254.0;50.14;56
Canada;Americas;2.1;1.0;3.1;0.851;0.747;0.603;0.725;0.742;2.304;1.152;1.49;7.427;1.32629;1.32261;0.90563;0.63297;0.45811;0.32957;3.9;0.9;84.8;82.8;1.5;80.9;38454327.0;9984670.0;3.8513;1.0078;0.48;30.5;Canada;6.89;50.48;1031.0;5.42;89.81;4.77;5.25;84.06;13.6;6.03;6962996.0;98.76;7.6;5.9;972779.0;652980.0;3.5;5.14;30638234.0;49.68;7.64;18.52;1.05;9.9;4.77;20758436.0;9.9;1.52;391914.0;50.32;6
Central African Republic;Africa;;;;0.334;0.175;0.141;0.167;0.164;;;;3.678;0.0785;0.0;0.06699;0.48879;0.23835;0.08289;67.7;2.8;56.8;54.5;5.9;52.3;5579144.0;622984.0;8.9555;1.0224;0.07;12.9;Central African Republic;162.61;103.54;6030.0;9.02;31.92;1.77;6.46;13.95;0.0;5.18;3033389.0;14.48;10.87;540.0;6307.0;5198.0;0.2;0.24;2175935.0;50.02;0.82;58.23;1.53;41.92;59.06;1893599.0;1.99;3.2;-36942.0;49.98;38
Chad;Africa;;;;0.189;0.051;0.117;0.112;0.078;2.27;357.0;156.0;3.667;0.34193;0.76062;0.1501;0.23501;0.18386;0.05269;65.5;3.1;54.8;53.0;6.2;51.3;17723315.0;1284000.0;13.8032;1.0316;0.22;31.2;Chad;143.45;99.9;18694.0;9.57;26.99;2.37;0.77;10.42;8.5;1.36;12372693.0;12.29;12.37;142.0;21610.0;15416.0;0.19;0.27;3754173.0;50.19;0.7;76.72;3.01;44.23;63.45;5027534.0;3.73;4.24;-9469.0;49.81;5
Chile;Americas;3.6;0.7;6.6;0.836;0.779;0.59;0.773;0.645;1.478;514.0;1.032;6.67;1.10715;1.12447;0.85857;0.44132;0.33363;0.12869;4.9;0.1;81.9;79.5;1.5;77.2;19603733.0;756102.0;25.9274;1.0057;0.25;35.5;Chile;24.13;44.83;625.0;7.76;85.13;5.62;8.0;95.24;29.9;6.74;2352709.0;100.0;6.35;18.0;347875.0;211826.0;2.24;3.63;16686776.0;49.64;4.75;12.36;1.15;11.86;7.11;9214285.0;6.75;1.88;230162.0;50.36;18
China;Asia;;;;0.077;0.039;0.042;0.087;0.097;95.958;44.411;41.716;5.14;0.89012;0.94675;0.81658;0.51697;0.08185;0.02781;5.9;0.0;81.3;78.6;1.2;76.0;1425887337.0;9706961.0;146.8933;1.0;17.88;24.9;China;12.94;43.44;79535.0;6.82;89.63;3.54;3.96;63.25;25.7;5.05;558762145.0;91.29;7.09;58.0;18868020.0;12103936.0;1.68;2.74;848982855.0;51.11;3.0;39.69;-2.52;10.41;3.55;775321104.0;5.73;2.29;-302609.0;48.89;5
Colombia;Americas;27.5;4.1;51.5;0.646;0.485;0.425;0.417;0.321;4.479;3.458;1.335;6.477;0.91861;1.24018;0.69077;0.53466;0.18401;0.0512;10.9;0.3;77.1;73.7;1.7;70.3;51874024.0;1141748.0;45.4339;1.0069;0.65;18.6;Colombia;61.82;43.95;5442.0;14.01;75.65;4.51;12.77;18.03;8.8;7.89;9483412.0;92.15;5.41;35.0;429646.0;272907.0;1.1;1.69;40703994.0;49.37;5.77;18.9;0.12;14.68;10.34;26304740.0;4.92;2.23;395803.0;50.63;109
Comoros;Africa;;;;0.293;0.113;0.209;0.205;0.23;;;;3.956;0.23906;0.79273;0.36315;0.22917;0.17441;0.199;45.5;1.8;66.1;63.7;3.9;61.5;836774.0;1862.0;449.3953;1.0184;0.01;16.7;Comoros;60.62;75.46;610.0;11.25;44.68;0.0;10.26;0.0;20.8;6.74;560303.0;35.91;8.2;35.0;2516.0;1974.0;0.5;0.64;230683.0;50.21;0.83;70.84;1.59;30.4;44.07;213852.0;0.25;2.56;-2917.0;49.79;
Democratic Republic of the Congo;Africa;;;;0.35;0.15;0.2;0.273;0.192;13.763;2.152;2.467;;;;;;;;50.0;3.2;62.1;59.7;6.1;57.5;99010212.0;2344858.0;42.2244;1.0325;1.24;12.8;Democratic Republic of the Congo;110.75;97.85;111743.0;9.69;34.13;0.0;3.74;13.5;13.0;5.08;49407432.0;16.42;9.38;320.0;193993.0;132076.0;0.3;0.43;40499458.0;49.61;0.56;54.95;2.13;42.66;56.18;31751451.0;2.12;4.5;-144916.0;50.39;169
Congo;Africa;;;;0.245;0.108;0.193;0.197;0.134;842.0;;140.0;3.989;0.67866;0.6629;0.31051;0.41466;0.12388;0.11686;36.7;2.3;64.6;63.1;4.1;61.5;5970424.0;342000.0;17.4574;1.0231;0.07;11.3;Congo;106.7;80.2;2842.0;9.46;38.57;3.56;21.86;0.0;14.3;19.38;1817563.0;20.36;7.39;373.0;11285.0;7470.0;0.27;0.4;3753170.0;49.94;1.12;32.63;0.96;31.68;51.97;2195682.0;6.4;3.04;-6271.0;50.06;15
Costa Rica;Americas;11.4;2.2;20.6;0.898;0.85;0.648;0.849;0.801;473.0;291.0;169.0;7.226;0.95578;1.23788;0.86027;0.63376;0.25497;0.10583;6.8;0.5;80.0;77.3;1.5;74.8;5180829.0;51100.0;101.3861;1.0052;0.06;45.6;Costa Rica;44.88;45.2;287.0;10.88;81.99;6.74;14.12;24.84;9.1;8.51;1013042.0;97.85;5.47;10.0;59125.0;42156.0;1.66;2.33;4071490.0;50.08;5.24;19.92;-2.76;12.85;7.13;2573190.0;3.45;1.79;4154.0;49.92;
Cote d'Ivoire;Africa;;;;0.436;0.239;0.311;0.401;0.252;;;;3.655;0.46534;0.77115;0.15185;0.46866;0.20165;0.17922;;;;;;;28160542.0;322463.0;87.3295;1.0248;0.35;;Côte d'Ivoire;107.17;81.28;21012.0;10.03;35.66;3.44;3.01;16.32;9.7;1.94;12749807.0;34.78;8.73;137.0;51075.0;42947.0;0.32;0.4;13397744.0;50.55;0.99;48.76;1.59;34.55;54.31;9735200.0;2.8;3.43;-15520.0;49.45;1
Croatia;Europe;0.8;0.7;1.0;0.754;0.65;0.524;0.557;0.593;162.0;179.0;182.0;5.759;1.08254;0.79624;0.78805;0.25883;0.05444;0.0243;3.0;-0.5;82.0;79.2;1.4;76.4;4030358.0;56594.0;71.2153;0.9927;0.05;31.8;Croatia;9.06;54.66;112.0;5.07;91.54;3.95;7.17;77.81;36.7;6.16;1738221.0;96.15;12.7;8.3;152317.0;75214.0;3.81;7.29;2327032.0;48.61;5.55;42.76;-1.24;8.9;3.4;1781597.0;8.54;-0.04;-12480.0;51.39;
Cuba;Americas;;;;0.179;0.057;0.088;0.099;0.242;746.0;408.0;418.0;;;;;;;;4.0;-0.2;80.6;78.2;1.4;75.8;11212191.0;109884.0;102.0366;0.9961;0.14;53.4;Cuba;52.62;45.46;773.0;7.48;83.31;9.05;1.2;41.31;18.7;1.2;2590505.0;90.66;9.86;6.5;234023.0;174094.0;3.09;4.11;8726192.0;49.73;9.87;22.89;-0.42;9.75;9.22;5347554.0;6.01;-0.01;-13686.0;50.27;
Cyprus;Asia;1.3;1.1;1.4;0.792;0.648;0.507;0.642;0.692;54.0;27.0;30.0;5.689;1.20813;0.89318;0.92356;0.40672;0.30638;0.06146;2.1;0.7;83.7;81.9;1.3;80.1;1251488.0;9251.0;135.2814;1.0059;0.02;14.3;Cyprus;6.96;42.6;35.0;5.35;89.86;5.21;8.01;76.81;35.5;6.28;407912.0;99.4;6.77;6.2;22854.0;15830.0;2.57;3.73;820924.0;50.1;3.84;33.2;0.83;10.79;4.79;649712.0;8.05;0.81;4948.0;49.9;2
Czechia;Europe;0.4;0.5;0.4;0.805;0.716;0.532;0.631;0.716;535.0;370.0;400.0;6.505;1.17898;1.20643;0.84483;0.46364;0.10686;0.02652;2.4;-0.1;81.2;78.1;1.7;75.1;10493986.0;78865.0;133.0627;0.9984;0.13;25.5;Czechia;9.85;55.48;298.0;4.78;89.4;4.54;2.38;88.69;30.9;1.72;2783117.0;99.14;10.5;5.0;291310.0;146625.0;2.79;5.38;7888753.0;49.25;6.44;26.08;-0.1;10.5;5.83;5421467.0;13.29;0.57;4030.0;50.75;2
Denmark;Europe;0.8;0.5;1.1;0.915;0.885;0.694;0.874;0.878;469.0;242.0;312.0;7.527;1.32548;1.36058;0.87464;0.64938;0.34139;0.48357;2.9;0.5;83.8;81.9;1.7;80.0;5882261.0;43094.0;136.4984;1.0048;0.07;39.7;Denmark;2.12;56.72;120.0;3.52;89.66;6.91;5.27;98.56;18.1;4.8;698080.0;99.6;9.3;5.2;162777.0;106930.0;3.7;5.57;5116342.0;49.72;8.47;12.01;-0.64;10.5;6.83;3032098.0;9.4;0.49;23305.0;50.28;1
Djibouti;Africa;;;;0.255;0.125;0.139;0.148;0.193;63.0;38.0;22.0;4.369;0.44025;0.59207;0.36291;0.46074;0.18093;0.28105;36.5;1.4;65.5;62.9;2.8;60.3;1120849.0;23200.0;48.3125;1.0138;0.01;26.2;Djibouti;22.72;56.43;698.0;10.81;51.77;0.0;35.86;39.49;0.0;22.4;237192.0;66.64;8.42;212.0;3389.0;2386.0;0.45;0.63;836802.0;49.69;0.97;22.08;0.95;22.75;37.41;235094.0;0.4;1.75;1322.0;50.31;
Dominica;Americas;13.8;5.5;22.2;;;;;;8.0;4.0;2.0;;;;;;;;11.4;0.4;76.5;73.0;1.6;69.9;72737.0;751.0;96.8535;1.0045;0.0;34.4;Dominica;39.33;41.92;15.0;0.0;0.0;5.53;0.0;0.0;0.0;0.0;20867.0;0.0;8.37;16.0;809.0;498.0;1.4;2.26;50561.0;49.94;3.31;29.21;-0.18;13.27;0.0;0.0;6.1;1.28;326.0;50.06;
Dominican Republic;Americas;10.5;2.6;18.5;0.679;0.465;0.46;0.605;0.379;1.307;351.0;579.0;4.885;0.89537;1.17202;0.66825;0.57672;0.21684;0.14234;24.4;0.9;77.5;74.2;2.2;71.0;11228821.0;48671.0;230.7087;1.01;0.14;27.9;Dominican Republic;78.46;53.04;2784.0;15.49;71.93;4.04;9.41;44.44;10.9;4.01;1977456.0;87.2;6.01;42.0;93301.0;64875.0;1.19;1.72;8904426.0;50.29;2.59;18.17;-2.99;19.29;12.58;5091385.0;6.76;2.0;-29830.0;49.71;
Ecuador;Americas;14.0;2.5;25.5;0.613;0.449;0.425;0.461;0.38;1.998;1.043;889.0;5.975;0.86402;0.99903;0.79075;0.48574;0.11541;0.1809;10.7;1.1;80.5;77.9;2.0;75.3;18001000.0;276841.0;65.0229;1.0114;0.23;38.7;Ecuador;67.77;52.29;2705.0;11.46;76.2;4.23;4.59;41.9;11.6;3.26;6246175.0;90.0;4.91;46.0;149859.0;102263.0;1.18;1.73;11097565.0;50.01;4.83;36.01;1.45;17.34;12.34;8387366.0;3.26;2.17;71801.0;49.99;2
Egypt;Africa;;0.5;;0.178;0.118;0.074;0.105;0.085;;;;4.194;0.8818;0.747;0.61712;0.17288;0.11291;0.06324;16.0;1.5;72.6;70.2;2.9;67.9;110990103.0;1002450.0;110.7188;1.0158;1.39;27.7;Egypt;46.43;61.22;24105.0;4.76;85.61;0.0;21.35;66.28;24.4;4.76;60487813.0;97.2;5.58;12.0;429933.0;217889.0;0.41;0.82;45130858.0;50.59;1.36;57.27;1.75;23.57;9.63;29708924.0;0.15;1.85;-59715.0;49.41;376
El Salvador;Americas;18.2;4.0;33.5;0.443;0.187;0.261;0.205;0.216;741.0;366.0;234.0;6.13;0.76454;1.02507;0.67737;0.4035;0.10692;0.11776;9.9;0.4;75.8;71.5;1.8;66.8;6336392.0;21041.0;301.145;1.0035;0.08;27.4;El Salvador;57.81;52.54;966.0;19.09;65.11;3.39;4.38;0.0;8.3;4.02;1711610.0;86.82;7.45;60.0;67251.0;42967.0;1.44;2.05;4568607.0;47.65;4.71;27.25;-2.56;16.42;15.8;2762085.0;3.28;1.06;-55143.0;52.35;
Equatorial Guinea;Africa;;;;0.172;0.053;0.049;0.043;0.115;93.0;27.0;;;;;;;;;53.8;2.4;63.3;61.2;4.2;59.4;1674908.0;28051.0;59.7094;1.0247;0.02;22.0;Equatorial Guinea;148.87;72.51;753.0;7.71;32.78;0.0;9.18;0.0;0.0;7.63;425111.0;0.0;8.58;286.0;4000.0;2823.0;0.34;0.55;1127920.0;52.92;0.64;27.37;1.58;31.87;59.51;528292.0;6.94;4.0;14695.0;47.08;
Eritrea;Africa;;;;0.072;0.01;0.011;0.031;0.116;362.0;147.0;99.0;;;;;;;;28.6;1.7;68.7;66.6;3.8;64.5;3684032.0;117600.0;31.3268;1.0176;0.05;;Eritrea;65.92;81.82;1714.0;11.88;49.48;0.0;6.38;0.0;7.7;5.11;2074379.0;0.0;6.31;86.0;11212.0;7441.0;0.43;0.63;1424439.0;49.3;0.79;59.29;0.48;28.94;38.64;1609065.0;1.23;3.1;-29849.0;50.7;
Estonia;Europe;2.0;0.6;3.5;0.896;0.845;0.625;0.778;0.8;80.0;37.0;41.0;5.429;1.15174;1.22791;0.77361;0.44888;0.0868;0.15184;1.8;-0.2;83.0;79.2;1.7;75.0;1326062.0;45227.0;29.3201;0.998;0.02;25.7;Estonia;8.69;57.08;30.0;4.22;92.19;5.3;4.92;90.41;30.5;4.12;410662.0;99.08;11.6;13.0;56576.0;19566.0;3.12;8.09;916236.0;47.29;5.08;30.95;-0.18;10.6;3.58;700314.0;11.26;0.62;5410.0;52.71;
Eswatini;Africa;12.7;;;0.12;0.096;0.111;0.052;0.068;241.0;68.0;32.0;4.867;0.71206;1.07284;0.07566;0.30658;0.18259;0.0306;39.2;0.7;60.6;56.4;2.8;52.6;1201670.0;17364.0;69.2047;1.0079;0.02;12.2;Eswatini;71.81;65.92;434.0;12.06;45.86;5.7;24.55;0.0;9.3;21.21;889128.0;64.52;8.92;363.0;3274.0;2108.0;0.36;0.56;280485.0;49.57;3.42;76.02;0.55;25.12;42.08;381377.0;8.09;1.55;-9796.0;50.43;
Ethiopia;Africa;;;;0.289;0.144;0.157;0.241;0.228;16.198;4.233;796.0;4.512;0.19073;0.60406;0.44055;0.4345;0.24325;0.15048;31.9;2.5;68.9;65.6;4.1;62.6;123379924.0;1104300.0;111.7268;1.0257;1.55;41.5;Ethiopia;71.69;77.9;83493.0;12.09;43.26;4.48;4.29;6.69;5.2;2.29;89898498.0;8.65;6.44;140.0;246985.0;183115.0;0.32;0.44;24222096.0;50.28;0.73;78.78;2.07;33.12;44.65;54535675.0;3.36;4.86;-10803.0;49.72;13
Fiji;Oceania;;;;0.401;0.27;0.204;0.303;0.287;109.0;63.0;37.0;;;;;;;;17.9;0.7;70.2;68.3;2.5;66.5;929766.0;18272.0;50.8847;1.0056;0.01;19.6;Fiji;27.21;53.34;168.0;5.94;84.71;5.12;5.63;49.27;23.4;3.84;397236.0;93.71;7.94;66.0;3697.0;2045.0;0.44;0.81;521229.0;50.23;2.5;43.25;-1.21;19.96;9.35;372229.0;3.45;0.83;-11865.0;49.77;
Finland;Europe;;;;0.867;0.828;0.614;0.8;0.785;355.0;178.0;362.0;7.406;1.29025;1.31826;0.88911;0.64169;0.23351;0.41372;1.6;0.1;84.9;82.4;1.4;79.8;5540745.0;338424.0;16.3722;1.0009;0.07;45.5;Finland;4.09;61.13;91.0;5.64;92.93;6.42;6.16;89.53;22.2;7.17;803615.0;99.45;9.8;4.7;197134.0;110380.0;4.05;7.05;4717991.0;49.37;7.35;14.55;-0.33;8.3;1.42;2758855.0;9.16;0.19;15558.0;50.63;3
France;Europe;1.1;0.7;1.6;0.872;0.791;0.614;0.805;0.764;4.256;3.376;2.607;6.575;1.27778;1.26038;0.94579;0.55011;0.12332;0.20646;3.3;0.2;86.0;83.2;1.8;80.4;64626628.0;551695.0;117.1419;1.0015;0.81;39.5;France;9.66;62.28;2100.0;6.36;87.28;5.35;8.35;89.45;33.6;8.47;12999819.0;98.65;9.1;9.1;2726665.0;1521276.0;4.67;7.83;54388182.0;48.36;8.34;19.29;-1.02;11.2;6.37;30652293.0;11.3;0.67;17403.0;51.64;26
Gabon;Africa;;;;0.376;0.206;0.26;0.291;0.296;;;;3.896;1.06024;0.90528;0.43372;0.31914;0.06822;0.11091;29.5;2.0;68.4;65.7;3.5;63.4;2388992.0;267668.0;8.9252;1.0204;0.03;15.4;Gabon;94.8;68.06;934.0;8.72;45.01;2.87;28.27;0.0;0.0;15.76;230087.0;49.78;6.86;521.0;7846.0;6628.0;0.58;0.71;2012698.0;51.02;1.67;10.26;-1.26;28.35;46.27;691827.0;7.33;2.7;2230.0;48.98;
Gambia;Africa;;;;0.506;0.419;0.327;0.382;0.352;294.0;90.0;;;;;;;;;28.0;2.4;64.3;62.9;4.6;61.5;2705992.0;10689.0;253.1567;1.025;0.03;10.3;Gambia;65.84;87.89;1901.0;10.73;37.1;2.65;3.22;29.89;11.6;5.03;955107.0;47.2;7.0;158.0;5318.0;4112.0;0.33;0.42;1553776.0;49.72;1.3;38.07;0.86;34.28;52.17;850208.0;1.11;3.66;-4186.0;50.28;
Georgia;Asia;;;;0.647;0.497;0.413;0.527;0.509;289.0;139.0;138.0;4.297;0.7419;0.38562;0.72926;0.40577;0.05547;0.38331;8.2;-0.5;76.5;71.6;2.1;66.8;3744385.0;69700.0;53.7214;0.9964;0.05;19.1;Georgia;30.97;54.1;293.0;3.9;93.35;3.87;10.17;26.0;31.7;12.81;1523815.0;86.53;12.88;74.0;94569.0;36430.0;2.08;4.8;2196346.0;47.07;2.72;40.96;-1.16;13.45;2.75;1856196.0;14.33;0.52;-5414.0;52.93;4
Germany;Europe;0.8;0.8;0.9;0.872;0.823;0.629;0.833;0.809;2.879;4.543;2.57;6.75;1.32792;1.29937;0.89186;0.61477;0.28214;0.21843;3.0;-0.1;83.5;81.0;1.5;78.5;83369843.0;357114.0;233.4544;0.9995;1.05;34.9;Germany;7.52;54.73;2157.0;4.64;90.6;5.12;2.73;96.87;22.5;3.5;18798952.0;99.23;11.3;6.1;3488701.0;2119130.0;5.17;8.29;64294010.0;49.34;9.03;22.62;-0.06;9.4;4.76;44433744.0;12.22;0.31;360560.0;50.66;44
Ghana;Africa;1.8;0.6;3.1;0.653;0.56;0.328;0.515;0.484;4.342;1.591;848.0;4.633;0.54558;0.67954;0.40132;0.42342;0.23087;0.04355;31.6;1.9;66.1;63.9;3.5;61.8;33475870.0;238533.0;140.3406;1.0196;0.42;14.6;Ghana;66.58;70.12;20431.0;9.38;45.39;3.15;3.59;14.09;3.6;3.34;13646945.0;25.0;7.14;144.0;87516.0;61479.0;0.39;0.55;17875345.0;49.88;1.38;43.29;0.61;28.57;45.24;13516316.0;4.55;3.24;-21860.0;50.12;1
Greece;Europe;0.9;0.6;1.1;0.786;0.655;0.542;0.691;0.666;644.0;321.0;342.0;4.857;1.15406;0.92933;0.88213;0.07699;0.0;0.01397;3.4;-0.5;83.3;80.6;1.4;78.0;10384971.0;131990.0;78.68;0.9942;0.13;21.0;Greece;8.31;56.62;270.0;3.91;83.24;3.59;21.48;90.61;34.5;13.96;2209932.0;98.99;11.7;4.7;398880.0;323264.0;6.15;7.3;8511650.0;49.01;4.0;20.61;-1.69;7.8;12.85;4735273.0;7.12;0.31;-21581.0;50.99;31
Grenada;Americas;4.0;1.6;6.4;;;;;;13.0;5.0;4.0;;;;;;;;12.3;0.6;78.3;75.3;2.0;72.6;125438.0;344.0;364.6453;1.0066;0.0;46.7;Grenada;34.1;50.81;19.0;5.86;82.8;0.0;0.0;0.0;0.0;0.0;78057.0;0.0;8.01;3.1;1951.0;1144.0;1.86;3.19;44667.0;50.1;2.04;63.6;0.53;16.62;11.34;0.0;8.06;1.07;-190.0;49.9;
Guatemala;Americas;20.0;6.1;34.1;0.49;0.313;0.301;0.264;0.199;2.382;819.0;401.0;6.123;0.74553;1.04356;0.64425;0.57733;0.27489;0.09472;19.8;1.4;71.8;68.7;2.4;65.7;17843908.0;108889.0;163.8725;1.0134;0.22;19.4;Guatemala;71.73;63.37;5481.0;16.12;61.57;3.19;2.94;0.0;11.0;1.84;8063081.0;68.24;4.89;26.0;95131.0;72169.0;0.88;1.14;8540945.0;49.53;2.38;48.56;0.77;22.86;22.31;6481136.0;1.63;2.31;-58095.0;50.47;
Guinea;Africa;;;;0.271;0.103;0.198;0.108;0.158;1.649;448.0;219.0;3.656;0.17417;0.46475;0.24009;0.37725;0.28657;0.12139;63.9;2.4;60.2;59.0;4.3;57.6;13859341.0;245857.0;56.3716;1.0242;0.17;29.6;Guinea;120.26;84.46;11035.0;8.77;33.27;1.86;5.07;0.0;0.0;4.99;8177237.0;27.61;9.71;176.0;38151.0;25617.0;0.4;0.58;4700302.0;49.31;0.92;63.5;1.97;35.44;57.96;3923389.0;0.47;3.53;-3243.0;50.69;1
Guinea-Bissau;Africa;;;;0.53;0.329;0.236;0.263;0.31;;;;;;;;;;;50.1;2.1;61.9;59.9;3.9;57.7;2105566.0;36125.0;58.2856;1.0218;0.03;13.7;Guinea-Bissau;91.38;79.1;2112.0;9.21;33.17;0.0;2.71;13.81;9.3;3.56;1107850.0;24.98;8.21;361.0;3802.0;2860.0;0.29;0.38;862607.0;49.32;0.53;56.22;1.6;32.09;57.62;646165.0;4.14;3.29;-1395.0;50.68;
Guyana;Americas;16.3;2.2;31.0;0.545;0.37;0.329;0.265;0.392;;;;;;;;;;;23.6;0.5;69.4;66.0;2.4;62.8;808726.0;214969.0;3.7621;1.0052;0.01;35.7;Guyana;69.0;52.97;238.0;12.94;69.65;0.0;15.09;45.84;12.6;12.46;585574.0;89.15;7.44;78.0;4881.0;3041.0;0.77;1.2;213179.0;49.18;2.93;73.31;1.56;20.83;17.41;284892.0;5.35;1.98;-24678.0;50.82;1
Haiti;Americas;13.0;1.9;24.3;0.366;0.214;0.205;0.269;0.101;;;;4.518;0.26673;0.74302;0.38847;0.24425;0.46187;0.17175;43.4;1.2;66.7;63.7;2.8;60.9;11584996.0;27750.0;417.4773;1.012;0.15;;Haiti;54.24;59.48;4993.0;10.63;64.72;1.76;16.54;0.0;7.9;11.24;4889165.0;36.94;7.95;170.0;37021.0;22316.0;0.4;0.66;6271273.0;49.6;0.41;43.81;-0.73;24.3;24.66;4930691.0;3.45;2.98;-34635.0;50.4;1
Honduras;Americas;38.3;6.5;69.5;0.403;0.252;0.263;0.279;0.16;1.154;399.0;239.0;4.788;0.59532;0.95348;0.6951;0.40148;0.23027;0.06825;12.8;1.5;73.2;70.7;2.3;68.5;10432860.0;112492.0;92.7431;1.015;0.13;27.3;Honduras;73.8;55.32;1849.0;17.89;71.43;5.93;7.78;51.78;0.0;4.28;4209597.0;81.95;4.32;31.0;32977.0;20241.0;0.4;0.67;5749232.0;50.53;2.87;42.27;0.19;21.63;10.68;4399023.0;3.17;2.78;-6550.0;49.47;1
Hungary;Europe;0.8;0.5;1.1;0.455;0.35;0.305;0.222;0.328;396.0;385.0;441.0;4.8;1.12094;1.20215;0.75905;0.32112;0.128;0.02758;3.3;5.6;78.3;75.0;1.6;71.6;9967308.0;93028.0;107.1431;1.0265;0.12;13.1;Hungary;21.99;51.89;335.0;4.14;93.89;4.22;3.5;87.75;32.2;3.36;2770705.0;97.99;13.3;6.2;307451.0;128831.0;2.75;6.04;7000436.0;47.88;4.3;28.36;-1.07;9.5;1.98;4748584.0;10.6;0.36;33559.0;52.12;1
Iceland;Europe;0.5;0.6;0.5;0.832;0.743;0.612;0.726;0.738;30.0;13.0;24.0;7.561;1.30232;1.40223;0.94784;0.62877;0.4363;0.14145;1.4;0.7;84.3;82.8;1.7;81.4;372899.0;103000.0;3.6204;1.0069;0.0;47.6;Iceland;5.54;49.62;8.0;5.56;89.47;7.61;3.11;0.0;12.6;3.84;22157.0;98.78;6.3;4.1;7208.0;5316.0;2.88;4.1;338406.0;51.28;7.06;6.14;1.52;12.3;4.97;220983.0;8.07;2.24;5152.0;48.72;
India;Asia;2.9;2.5;3.3;0.42;0.332;0.265;0.298;0.258;127.828;66.46;63.083;4.565;0.64499;0.38174;0.51529;0.39786;0.26475;0.08492;26.3;0.7;69.4;67.7;2.0;66.3;1417173173.0;3287590.0;431.0675;1.0068;17.77;14.9;India;17.7;49.4;315189.0;9.9;65.93;0.0;6.07;45.77;28.1;6.64;906325664.0;69.66;6.71;202.0;8128173.0;6167838.0;0.86;1.22;476786386.0;51.65;0.99;65.53;0.35;17.05;24.17;501044031.0;4.92;2.32;-593495.0;48.35;1025
Indonesia;Asia;;;;0.568;0.413;0.372;0.5;0.306;29.7;13.4;10.356;5.399;0.82827;1.08708;0.63793;0.46611;0.51535;0.0;17.7;0.6;70.4;68.3;2.2;66.2;275501339.0;1904569.0;144.6529;1.0064;3.45;21.9;Indonesia;34.87;48.27;43431.0;4.75;76.33;2.84;3.35;0.0;37.2;3.75;118656904.0;82.07;7.54;312.0;1704244.0;1015912.0;0.75;1.27;150925974.0;50.37;1.42;44.02;-0.55;16.91;18.93;136201932.0;0.11;2.12;-40567.0;49.63;19
Iran;Asia;;;;0.181;0.116;0.051;0.134;0.166;7.67;;;4.686;1.0088;0.54447;0.69805;0.30033;0.38086;0.05863;10.3;0.7;77.5;74.6;1.7;71.9;88550570.0;1648195.0;53.7258;1.0071;1.11;5.6;Iran;33.33;44.74;9900.0;10.6;81.31;3.26;17.58;0.0;14.0;9.12;21302584.0;90.02;4.87;13.0;554637.0;335927.0;0.77;1.3;65261618.0;50.59;2.94;24.61;-0.88;15.12;8.09;28702961.0;0.7;1.76;-34571.0;49.41;10
Iraq;Asia;;;;0.365;0.218;0.202;0.264;0.188;;;;4.677;0.98549;0.81889;0.60237;0.0;0.17922;0.13788;17.6;2.2;73.4;71.3;3.4;69.2;44496122.0;438317.0;101.5158;1.0221;0.56;28.9;Iraq;65.12;73.09;14333.0;17.81;66.89;0.0;26.71;49.61;18.8;13.24;12187255.0;97.86;4.3;28.0;113764.0;59794.0;0.29;0.55;29376265.0;50.02;2.1;29.32;1.67;28.08;15.3;10698395.0;0.24;2.66;-29880.0;49.98;3360
Ireland;Europe;0.4;0.3;0.6;0.895;0.832;0.638;0.814;0.797;545.0;190.0;165.0;6.94;1.33596;1.36948;0.89533;0.61777;0.45901;0.28703;2.5;0.7;84.4;82.7;1.8;81.0;5023109.0;70273.0;71.4799;1.0073;0.06;23.1;Ireland;5.8;53.14;159.0;3.91;90.41;0.0;4.69;79.4;21.4;5.17;1805722.0;89.31;6.3;5.8;97575.0;67206.0;2.75;3.92;3128618.0;49.53;4.98;36.6;0.73;12.0;5.68;2446760.0;11.7;1.74;29113.0;50.47;15
Israel;Asia;1.9;0.6;3.3;0.735;0.651;0.486;0.587;0.601;884.0;407.0;378.0;7.278;1.22857;1.22393;0.91387;0.41319;0.33172;0.07785;2.9;1.5;84.5;82.6;2.9;80.6;9038309.0;20770.0;435.1617;1.0155;0.11;30.0;Israel;8.12;66.46;502.0;4.24;85.45;6.06;3.93;93.99;21.6;3.69;678959.0;99.94;5.1;2.9;163851.0;109328.0;2.42;3.61;8375041.0;49.81;4.83;7.5;0.81;20.1;10.32;4125006.0;3.01;2.0;16132.0;50.19;50
Italy;Europe;0.5;0.4;0.6;0.849;0.768;0.673;0.774;0.781;2.856;1.773;2.833;5.948;1.25114;1.19777;0.95446;0.26236;0.22823;0.02901;2.1;-0.3;86.0;84.1;1.3;82.0;59037474.0;301336.0;195.9191;0.9966;0.74;36.3;Italy;3.88;56.55;975.0;3.86;90.64;4.1;11.1;79.02;23.3;9.09;17479118.0;99.89;10.6;6.1;2734162.0;1622772.0;5.58;8.92;42249963.0;48.7;6.38;29.26;-2.17;7.0;5.5;25907430.0;7.97;-0.73;21615.0;51.3;11
Jamaica;Americas;52.1;9.3;95.6;0.8;0.693;0.525;0.639;0.664;259.0;131.0;84.0;5.709;0.81038;1.15102;0.68741;0.50442;0.2123;0.02299;11.3;-0.1;72.7;70.6;1.3;68.5;2827377.0;10991.0;257.2447;0.9999;0.04;28.6;Jamaica;33.95;39.31;512.0;11.73;79.3;5.16;6.38;0.0;9.7;3.84;1238482.0;86.63;7.48;3.2;16936.0;12164.0;0.87;1.2;1575291.0;49.64;3.98;44.02;-0.64;11.99;8.97;1487233.0;3.6;0.63;-11329.0;50.36;
Japan;Asia;0.2;0.2;0.2;0.838;0.739;0.537;0.753;0.762;6.638;3.551;3.67;5.987;1.27074;1.25712;0.99111;0.49615;0.10705;0.1806;1.7;-0.5;87.8;84.8;1.3;81.8;123951692.0;377930.0;327.9753;0.9947;1.55;9.7;Japan;2.81;70.51;1308.0;4.91;84.79;3.16;2.17;98.98;20.5;2.5;10513072.0;99.95;11.2;13.0;7732333.0;4402272.0;7.15;11.88;116119928.0;48.62;9.04;8.3;-1.12;7.0;10.3;69045531.0;6.68;-0.05;183953.0;51.38;1
Jordan;Asia;1.0;0.6;1.4;0.259;0.255;0.119;0.209;0.209;;;;5.192;0.90198;1.05392;0.69639;0.40661;0.11053;0.14293;12.4;0.5;76.7;74.2;2.8;72.1;11285869.0;89342.0;126.3221;1.0123;0.14;12.3;Jordan;26.58;58.71;2250.0;10.38;79.61;2.99;24.01;82.06;34.6;15.37;941163.0;97.22;3.15;5.5;32318.0;22544.0;0.41;0.63;9757520.0;51.93;3.87;8.8;-0.26;22.6;10.01;2791809.0;0.31;2.5;28963.0;48.07;9
Kazakhstan;Asia;;;;0.257;0.127;0.094;0.133;0.205;1.196;1.209;470.0;5.855;1.12254;1.12241;0.64368;0.51649;0.11827;0.08454;8.5;1.1;73.0;69.5;3.0;65.8;19397998.0;2724900.0;7.1188;1.0105;0.24;27.4;Kazakhstan;22.06;57.65;2459.0;8.2;86.68;2.86;5.28;0.0;23.5;4.31;7860906.0;97.87;7.19;68.0;172173.0;67758.0;0.76;1.79;10652767.0;48.02;1.67;42.46;1.03;21.73;5.12;9226063.0;4.52;1.48;-37080.0;51.98;3
Kenya;Africa;5.3;2.6;8.0;0.483;0.403;0.325;0.42;0.316;8.169;2.168;;4.419;0.36471;0.99876;0.41435;0.42215;0.37542;0.05839;28.0;2.0;64.7;62.1;3.3;59.6;54027487.0;580367.0;93.0919;1.0193;0.68;21.4;Kenya;69.58;73.29;28930.0;10.85;40.86;4.58;5.25;30.56;11.5;4.77;36936235.0;35.3;7.29;267.0;180333.0;91972.0;0.36;0.7;14015215.0;49.6;2.01;72.49;1.32;28.46;48.29;22775099.0;2.87;3.73;-61946.0;50.4;65
Kiribati;Oceania;;;;;;;;;16.0;7.0;;;;;;;;;37.4;1.8;69.4;67.7;3.3;65.7;131232.0;811.0;161.815;1.0183;0.0;6.7;Kiribati;43.12;65.95;51.0;5.57;72.81;13.57;0.0;24.17;41.7;0.0;56113.0;44.0;6.25;436.0;287.0;110.0;0.18;0.45;68128.0;48.61;9.37;45.16;-0.1;28.06;21.62;0.0;0.76;3.04;-691.0;51.39;
Republic of Korea;Asia;;;;0.863;0.788;0.596;0.796;0.754;;;;5.984;1.24461;0.95774;0.96538;0.33208;0.18557;0.07857;;;;;;;51815810.0;100210.0;517.0722;0.9997;0.65;;Republic of Korea;2.39;37.97;525.0;9.26;77.91;4.68;3.58;99.19;21.4;3.87;9612727.0;99.85;5.7;58.0;1259447.0;589755.0;2.28;4.86;42152095.0;49.99;4.85;18.57;0.5;5.9;12.83;28808833.0;8.19;0.31;110799.0;50.01;1
Kosovo;;2.0;0.4;3.6;0.612;0.445;0.355;0.427;0.427;;;;5.589;0.80148;0.81198;0.63132;0.24749;0.2831;0.04741;;;;;;;;;;;;;Kosovo;8.11;48.45;0.0;0.0;0.0;0.0;0.0;0.0;0.0;0.0;0.0;0.0;5.56;0.0;21526.0;13907.0;1.56;2.4;0.0;49.87;0.0;0.0;0.0;11.44;0.0;0.0;0.0;0.0;-33469.0;50.13;8
Kuwait;Asia;;;;0.317;0.29;0.092;0.248;0.243;264.0;;;6.295;1.55422;1.16594;0.72492;0.55499;0.16228;0.25609;6.7;1.0;82.8;80.3;2.1;78.9;4268873.0;17818.0;239.5821;1.0044;0.05;1.6;Kuwait;6.0;32.21;301.0;13.55;79.37;0.0;5.84;100.0;17.9;0.97;0.0;100.0;2.19;20.0;7537.0;8563.0;0.31;0.44;4441100.0;61.66;4.72;0.0;0.0;12.44;7.09;2567847.0;0.0;2.83;9088.0;38.34;2
Kyrgyzstan;Asia;;;;0.413;0.257;0.224;0.296;0.24;451.0;472.0;171.0;5.286;0.47428;1.15115;0.65088;0.43477;0.3003;0.04232;13.1;1.6;74.9;70.5;2.9;66.2;6630623.0;199951.0;33.1612;1.0158;0.08;20.5;Kyrgyzstan;38.36;61.97;1124.0;7.97;81.59;5.37;4.5;92.34;27.6;4.09;4093812.0;97.78;5.2;110.0;33155.0;17009.0;0.54;1.01;2362388.0;49.1;2.31;63.41;1.71;26.9;10.44;2559835.0;4.95;2.75;-34270.0;50.9;4
Lao People's Democratic Republic;Asia;;;;0.135;0.099;0.125;0.066;0.125;;;;4.876;0.59066;0.73803;0.54909;0.59591;0.42192;0.24249;;;;;;;7529475.0;236800.0;31.7968;1.0141;0.09;;Lao People's Democratic Republic;76.16;56.05;2772.0;9.02;65.34;2.12;2.77;61.06;32.5;3.71;4641317.0;78.95;6.5;155.0;26176.0;19570.0;0.54;0.73;2570736.0;50.42;0.96;64.36;0.5;22.79;25.64;2930353.0;11.52;3.31;-10303.0;49.58;4
Latvia;Europe;3.0;3.6;2.4;0.824;0.735;0.587;0.674;0.698;117.0;55.0;62.0;5.098;1.11312;1.09562;0.72437;0.29671;0.18226;0.06332;2.8;-1.1;80.1;75.9;1.6;71.5;1850651.0;64559.0;28.666;0.9876;0.02;27.0;Latvia;12.36;57.89;65.0;4.97;91.99;4.42;5.42;83.61;37.2;7.19;608174.0;92.41;14.5;24.0;86543.0;29733.0;3.37;8.4;1305648.0;46.15;3.96;31.78;-0.95;9.8;3.04;988868.0;13.09;-0.58;-7903.0;53.85;
Lebanon;Asia;;;;0.437;0.265;0.25;0.333;0.263;491.0;205.0;177.0;4.839;1.02564;0.80001;0.83947;0.33916;0.21854;0.04582;6.2;-2.3;76.6;74.4;2.1;72.2;5489739.0;10452.0;525.2334;0.9816;0.07;4.7;Lebanon;20.9;57.79;566.0;5.9;88.55;2.6;14.32;26.19;38.4;9.92;650002.0;99.07;5.18;15.0;69109.0;38360.0;1.36;2.33;5131905.0;48.67;3.54;11.24;-4.34;15.82;5.55;2045681.0;1.48;-2.69;-237572.0;51.33;41
Lesotho;Africa;;;;0.625;0.505;0.392;0.473;0.497;362.0;93.0;40.0;4.898;0.37545;1.04103;0.07612;0.31767;0.16388;0.12504;69.0;1.0;55.9;53.0;3.0;50.3;2305825.0;30355.0;75.962;1.0107;0.03;24.4;Lesotho;91.19;62.82;1667.0;12.73;45.08;7.19;19.06;45.82;24.4;15.07;1589485.0;48.43;13.01;654.0;10946.0;5362.0;0.49;0.97;636217.0;49.33;5.02;71.42;0.65;26.84;42.19;945597.0;4.54;2.77;-2989.0;50.67;
Liberia;Africa;;;;0.634;0.461;0.35;0.432;0.412;684.0;142.0;85.0;4.571;0.0712;0.78968;0.34201;0.28531;0.24362;0.06232;57.3;2.1;62.4;61.1;4.0;59.8;5302681.0;111369.0;47.6136;1.021;0.07;11.0;Liberia;128.6;82.57;3841.0;9.91;31.66;2.49;2.36;0.0;8.4;3.62;2412132.0;20.76;8.66;308.0;11294.0;9108.0;0.37;0.45;2573157.0;49.74;1.36;48.38;0.99;32.18;58.43;2223648.0;3.64;2.85;-19697.0;50.26;
Libya;Africa;;;;0.271;0.144;0.178;0.239;0.162;;;;5.754;1.13145;1.11862;0.7038;0.41668;0.18295;0.11023;9.1;1.1;74.8;72.2;2.4;69.7;6812341.0;1759540.0;3.8717;1.0114;0.09;16.5;Libya;7.05;53.16;881.0;14.56;75.05;0.0;25.56;23.83;0.0;16.31;1288001.0;92.11;5.45;59.0;32422.0;22860.0;0.69;1.0;5281087.0;50.68;0.0;19.61;-0.07;18.73;10.39;2192471.0;0.01;1.76;-1352.0;49.32;422
Liechtenstein;Europe;5.1;5.1;5.2;;;;;;2.0;2.0;2.0;;;;;;;;5.0;0.7;86.1;84.7;1.5;83.0;39327.0;160.0;245.7937;1.0074;0.0;28.0;Liechtenstein;3.15;48.79;0.0;0.0;0.0;0.0;0.0;96.22;0.0;0.0;32952.0;99.95;6.8;0.0;906.0;549.0;2.87;4.67;5530.0;49.64;0.0;85.63;0.75;9.2;0.0;0.0;0.0;1.02;178.0;50.36;
Lithuania;Europe;2.6;1.5;3.8;0.797;0.738;0.587;0.648;0.689;108.0;183.0;81.0;5.833;1.14723;1.25745;0.73128;0.21342;0.02641;0.01031;2.8;-1.4;79.1;74.3;1.6;69.5;2750055.0;65300.0;42.1142;0.9869;0.03;28.4;Lithuania;10.59;54.21;79.0;5.43;91.15;3.97;5.49;93.76;32.3;7.02;898175.0;93.77;13.7;41.0;122949.0;46553.0;3.56;8.26;1895962.0;46.75;4.56;32.15;-0.81;9.8;3.41;1475085.0;11.79;-0.0;-13398.0;53.25;
Luxembourg;Europe;0.6;;;0.881;0.794;0.627;0.839;0.821;36.0;22.0;25.0;6.946;1.56391;1.21963;0.91894;0.61583;0.28034;0.37798;3.1;1.1;84.8;82.6;1.4;80.4;647599.0;2586.0;250.425;1.0129;0.01;33.3;Luxembourg;4.31;43.82;23.0;6.05;88.6;3.74;5.52;94.81;21.6;5.64;54417.0;97.59;6.9;8.9;15400.0;9168.0;2.94;5.0;565584.0;50.3;4.67;8.78;-0.76;10.0;5.36;315771.0;11.53;2.23;10365.0;49.7;
Madagascar;Africa;;;;0.497;0.26;0.295;0.281;0.218;4.764;1.163;374.0;3.681;0.20824;0.66801;0.46721;0.19184;0.21333;0.08124;32.6;2.4;67.6;65.2;3.8;63.0;29611714.0;587041.0;50.4423;1.0241;0.37;18.5;Madagascar;123.26;76.1;16588.0;9.52;45.03;3.01;1.88;11.05;28.4;1.81;17108814.0;13.17;6.52;233.0;62983.0;48874.0;0.35;0.46;10424320.0;50.14;1.22;62.14;1.45;31.7;45.46;14122746.0;1.02;4.31;-1487.0;49.86;1
Malawi;Africa;;;;0.619;0.536;0.412;0.505;0.374;4.205;795.0;167.0;4.292;0.01604;0.41134;0.22562;0.43054;0.33128;0.06977;27.5;2.5;66.3;62.9;3.8;59.6;20405317.0;118484.0;172.22;1.0259;0.26;22.9;Malawi;121.41;89.24;10585.0;10.16;40.19;0.0;5.77;40.02;11.3;4.11;15627061.0;42.8;6.61;146.0;79203.0;36887.0;0.4;0.82;3240276.0;48.59;1.67;82.83;2.4;33.6;49.65;7086643.0;3.24;4.07;-2228.0;51.41;
Malaysia;Asia;0.7;;;0.414;0.29;0.255;0.301;0.316;3.108;1.433;1.369;5.77;1.12486;1.07023;0.72394;0.53024;0.33075;0.10501;5.9;1.1;78.8;76.3;1.8;74.0;33938221.0;330803.0;102.5934;1.0109;0.43;15.0;Malaysia;9.35;43.64;2729.0;8.42;73.44;3.98;3.4;83.78;22.8;3.17;7673844.0;95.88;5.25;92.0;186932.0;143974.0;0.86;1.17;25130176.0;51.2;2.01;23.39;-1.17;15.58;18.14;16435372.0;0.76;1.99;60824.0;48.8;19
Maldives;Asia;;;;0.597;0.441;0.335;0.443;0.416;42.0;18.0;;;;;;;;;6.0;-0.4;81.8;80.8;1.7;80.1;523787.0;300.0;1745.9567;1.0045;0.01;4.6;Maldives;8.02;35.4;39.0;6.66;85.18;4.21;3.78;0.0;25.9;4.84;301504.0;98.27;2.86;36.0;2165.0;2756.0;0.95;1.02;203004.0;57.8;6.0;59.76;2.25;15.0;8.16;250805.0;1.43;4.04;6690.0;42.2;1
Mali;Africa;;;;0.246;0.161;0.177;0.241;0.183;2.227;632.0;314.0;3.995;0.26074;1.03526;0.20583;0.38857;0.18798;0.12352;53.3;3.1;60.8;59.4;5.9;58.1;22593590.0;1240192.0;18.2178;1.0314;0.28;26.5;Mali;153.83;101.35;21352.0;9.42;30.32;3.56;1.56;14.38;8.6;1.66;11695460.0;44.8;9.2;52.0;27635.0;21836.0;0.21;0.27;8871964.0;50.51;1.31;56.86;1.76;42.38;60.25;7412716.0;4.35;4.95;-44428.0;49.49;99
Malta;Europe;0.4;0.0;0.7;0.779;0.64;0.56;0.632;0.688;25.0;13.0;17.0;6.302;1.2074;1.30203;0.88721;0.60365;0.51752;0.13586;5.3;0.3;85.7;83.7;1.2;81.6;533286.0;316.0;1687.6139;1.0124;0.01;13.4;Malta;11.38;47.32;13.0;3.25;89.75;4.94;4.02;88.18;24.5;3.36;26826.0;99.96;7.3;22.0;13943.0;8589.0;3.31;5.71;477236.0;51.55;5.78;5.32;2.7;8.6;7.0;265572.0;8.52;4.0;11247.0;48.45;
Marshall Islands;Oceania;;;;;;;;;8.0;4.0;1.0;;;;;;;;24.5;1.0;67.1;65.1;2.7;63.5;41569.0;181.0;229.663;0.9886;0.0;6.1;Marshall Islands;63.64;62.68;11.0;0.0;0.0;9.92;0.0;0.0;28.4;0.0;10101.0;81.33;7.29;483.0;79.0;39.0;0.17;0.36;34627.0;51.14;6.81;22.58;-4.47;20.74;0.0;0.0;0.0;-2.28;-1901.0;48.86;
Mauritania;Africa;;;;0.388;0.167;0.257;0.302;0.125;633.0;135.0;52.0;4.436;0.45407;0.86908;0.35874;0.24232;0.219;0.17461;43.6;2.6;66.4;64.7;4.3;63.0;4736139.0;1030700.0;4.5951;1.0263;0.06;20.3;Mauritania;79.49;85.4;2583.0;10.22;37.06;1.78;11.6;0.0;11.1;9.8;1994344.0;49.59;7.0;89.0;12182.0;10230.0;0.48;0.54;2389505.0;48.93;1.24;45.49;0.8;33.72;52.71;1029009.0;0.0;4.16;-3018.0;51.07;
Mauritius;Africa;2.6;1.8;3.4;0.546;0.435;0.352;0.475;0.426;102.0;64.0;65.0;5.477;1.00761;0.98521;0.7095;0.56066;0.37744;0.07521;13.4;0.1;77.1;74.0;1.4;71.0;1299469.0;2040.0;636.9946;1.0004;0.02;20.0;Mauritius;24.31;40.42;138.0;4.35;88.38;4.54;9.72;0.0;20.5;4.12;749894.0;0.0;8.8;12.0;16270.0;8964.0;1.43;2.54;516091.0;49.41;2.92;59.23;0.08;10.2;7.26;616374.0;7.52;-0.03;-1034.0;50.59;
Mexico;Americas;28.2;6.2;50.5;0.617;0.371;0.381;0.379;0.331;14.398;8.66;4.813;7.187;1.02054;0.91451;0.81444;0.48181;0.14074;0.21312;10.9;0.8;78.2;74.8;1.8;71.5;127504125.0;1964375.0;64.9082;1.0063;1.6;50.0;Mexico;58.39;50.65;13446.0;10.5;80.41;0.0;3.52;55.05;13.4;3.46;24461683.0;90.78;6.93;23.0;1233595.0;943780.0;1.54;1.93;100623628.0;48.92;2.68;19.56;-0.6;15.71;9.09;56818605.0;5.72;1.22;-47764.0;51.08;5
Micronesia;Oceania;3.7;;;;;;;;14.0;4.0;;;;;;;;;22.0;1.0;75.7;72.7;2.8;69.8;114164.0;702.0;162.6268;1.0091;0.0;7.1;Micronesia (Federated States of);37.01;58.26;28.0;7.81;79.48;10.23;0.0;0.0;0.0;0.0;85971.0;90.45;5.73;102.0;416.0;204.0;0.36;0.75;25408.0;50.34;3.2;77.19;0.26;21.06;12.71;0.0;2.12;0.89;-1283.0;49.66;
Republic of Moldova;Europe;;;;0.745;0.616;0.515;0.6;0.573;;;;5.889;0.59448;1.01528;0.61826;0.32818;0.20951;0.01615;;;;;;;3272996.0;33846.0;96.7026;1.0691;0.04;;Republic of Moldova;28.98;48.1;291.0;6.05;89.48;6.23;4.35;0.0;28.7;5.8;1525908.0;82.99;13.09;80.0;44186.0;16337.0;1.29;3.16;1138316.0;47.53;3.8;57.27;-1.77;12.89;4.47;906622.0;11.36;-1.37;-28328.0;52.47;1
Monaco;Europe;;;;;;;;;2.0;2.0;1.0;;;;;;;;3.6;-0.5;88.9;86.9;2.1;85.1;36469.0;2.0;18234.5;0.9941;0.0;33.3;Monaco;7.15;92.55;1.0;0.0;0.0;1.16;0.0;100.0;0.0;0.0;0.0;100.0;0.0;0.0;3466.0;2695.0;14.85;18.35;37034.0;49.0;1.3;0.0;0.0;0.0;0.0;0.0;0.0;0.01;416.0;51.01;
Mongolia;Asia;6.2;2.5;9.8;0.626;0.491;0.334;0.47;0.431;251.0;;123.0;4.874;0.82819;1.3006;0.60268;0.43626;0.3323;0.02666;8.8;1.5;77.4;72.7;2.8;68.1;3398366.0;1564110.0;2.1727;1.0151;0.04;17.1;Mongolia;31.08;55.94;348.0;10.97;82.72;3.65;4.89;63.94;29.6;5.9;1016826.0;67.79;5.5;428.0;14719.0;7546.0;0.47;0.91;2215604.0;49.69;2.47;31.46;1.83;23.29;6.31;1388801.0;7.93;2.28;10664.0;50.31;
Montenegro;Europe;2.4;0.6;4.2;0.507;0.41;0.305;0.423;0.411;38.0;31.0;29.0;5.192;0.97438;0.90557;0.72521;0.1826;0.1614;0.14296;1.2;-0.1;80.3;76.8;1.7;73.5;627082.0;13812.0;45.4012;0.9988;0.01;27.2;Montenegro;10.89;51.08;27.0;4.48;94.11;0.0;15.68;51.73;31.8;14.67;204336.0;97.5;10.6;15.0;15089.0;7426.0;2.45;4.73;417692.0;48.76;5.07;32.85;-1.05;11.6;1.41;292048.0;10.34;0.47;-1636.0;51.24;
Morocco;Africa;1.9;0.5;3.3;0.264;0.24;0.162;0.256;0.209;4.039;1.667;;5.013;0.73479;0.64095;0.60954;0.41691;0.07172;0.08546;14.4;1.0;77.2;75.0;2.3;72.9;37457971.0;446550.0;83.883;1.0103;0.47;24.1;Morocco;27.05;51.92;9313.0;6.9;84.19;5.0;10.83;60.06;14.9;8.7;13434809.0;86.33;5.66;97.0;192593.0;136853.0;0.75;1.07;22869599.0;50.36;2.18;37.01;-0.41;18.34;8.91;11992891.0;0.49;1.91;-91959.0;49.64;
Mozambique;Africa;;;;0.357;0.237;0.24;0.249;0.234;5.902;805.0;268.0;4.971;0.08308;1.02626;0.09131;0.34037;0.22269;0.15603;52.8;2.7;62.7;59.6;4.6;56.5;32969517.0;801590.0;41.1302;1.0278;0.41;42.4;Mozambique;168.86;87.47;20281.0;9.4;36.16;6.29;3.73;0.0;14.8;3.18;19222873.0;33.35;8.04;361.0;47945.0;31244.0;0.21;0.31;11062722.0;49.04;1.84;63.47;2.04;37.34;54.44;13355546.0;2.03;4.38;-17639.0;50.96;79
Myanmar;Asia;28.4;7.3;49.8;0.107;0.05;0.099;0.064;0.066;;;;4.307;0.27108;0.70905;0.48246;0.44017;0.79588;0.19034;32.7;0.7;70.5;67.3;2.1;64.2;54179306.0;676578.0;80.0784;1.0071;0.68;15.3;Myanmar;33.1;46.3;14184.0;7.26;71.14;2.14;0.48;60.77;45.1;0.37;36676246.0;73.17;8.69;322.0;269853.0;154319.0;0.58;1.01;16363966.0;49.82;0.74;69.15;0.31;17.66;21.6;23943305.0;2.12;1.6;-100810.0;50.18;74
Namibia;Africa;12.4;6.8;18.5;0.638;0.513;0.383;0.47;0.344;447.0;153.0;;;;;;;;;29.8;1.4;61.7;58.1;3.2;54.6;2567012.0;825615.0;3.1092;1.0146;0.03;44.2;Namibia;66.94;67.23;1254.0;11.81;43.04;9.32;18.75;0.0;15.5;21.22;1197828.0;34.96;8.25;486.0;10726.0;4373.0;0.37;0.85;1248816.0;48.29;4.0;48.96;-0.35;28.43;45.15;918680.0;5.93;3.69;-8596.0;51.71;
Nauru;Oceania;;;;;;;;;2.0;;;;;;;;;;15.3;0.9;67.8;64.0;3.5;60.5;12668.0;21.0;603.2381;1.0125;0.0;10.5;Nauru;75.82;69.49;4.0;0.0;0.0;6.22;0.0;0.0;49.2;0.0;0.0;65.93;6.48;161.0;11.0;8.0;0.14;0.18;12132.0;50.91;10.91;0.0;0.0;29.12;0.0;0.0;2.94;1.73;-107.0;49.09;
Nepal;Asia;;;;0.605;0.478;0.39;0.349;0.383;4.335;1.835;1.341;4.514;0.35997;0.86449;0.56874;0.38282;0.32296;0.05907;20.3;1.2;72.4;70.5;2.0;68.6;30547580.0;147181.0;207.5511;1.0171;0.38;33.6;Nepal;66.24;58.18;10176.0;8.72;66.46;3.49;12.01;45.98;31.5;9.73;23021883.0;72.88;6.87;238.0;122722.0;85023.0;0.62;0.81;5810613.0;47.53;1.1;79.85;0.62;20.87;24.82;8017497.0;1.36;3.21;-70597.0;52.47;43
Netherlands;Europe;0.7;0.4;0.9;0.863;0.81;0.589;0.814;0.783;1.208;816.0;797.0;7.378;1.32944;1.28017;0.89284;0.61576;0.4761;0.31814;3.0;0.3;83.9;82.5;1.6;80.9;17564014.0;41850.0;419.6897;1.0036;0.22;40.7;Netherlands;2.55;54.01;370.0;5.76;88.23;5.16;3.36;97.5;22.6;3.4;1409098.0;97.69;8.8;4.9;495503.0;314465.0;3.65;5.68;15935776.0;49.67;6.68;8.12;-3.99;9.8;6.0;9466453.0;9.3;1.08;60266.0;50.33;6
New Zealand;Oceania;;;;0.883;0.827;0.679;0.75;0.783;368.0;242.0;245.0;7.286;1.25018;1.31967;0.90837;0.63938;0.47501;0.42922;3.5;0.8;84.7;83.0;1.8;81.3;5185288.0;270467.0;19.1716;1.0108;0.07;49.2;New Zealand;13.62;52.85;169.0;6.04;89.6;5.17;4.43;87.96;14.2;3.82;666466.0;100.0;6.87;7.2;104755.0;74239.0;3.02;4.16;4312734.0;49.44;7.13;13.38;1.02;11.96;4.35;2834605.0;9.89;1.68;103392.0;50.56;1
Nicaragua;Americas;11.0;3.1;19.1;0.201;0.037;0.121;0.032;0.094;854.0;;;5.828;0.59325;1.14184;0.74314;0.55475;0.27815;0.19317;12.3;1.4;77.6;74.6;2.3;71.6;6948392.0;130373.0;53.2962;1.0143;0.09;50.6;Nicaragua;88.62;55.45;1469.0;8.91;81.64;4.6;5.29;0.0;0.0;5.15;2748202.0;72.97;4.63;43.0;33776.0;20726.0;0.63;1.0;3915722.0;49.29;5.27;41.24;0.81;21.3;9.45;2999937.0;4.17;1.79;-19733.0;50.71;
Niger;Africa;;;;0.528;0.398;0.338;0.493;0.358;2.445;482.0;114.0;3.845;0.0694;0.77265;0.29707;0.47692;0.19387;0.15639;40.1;3.7;63.4;62.1;6.7;60.8;26207977.0;1267000.0;20.6851;1.0378;0.33;25.9;Niger;175.48;105.86;23673.0;10.47;30.35;3.53;0.47;7.39;7.6;0.61;19571248.0;14.79;7.82;84.0;30167.0;19933.0;0.17;0.26;3872145.0;50.72;2.02;83.48;3.66;45.86;59.17;8787355.0;0.13;4.32;-15787.0;49.28;25
Nigeria;Africa;;;;0.493;0.329;0.331;0.315;0.266;25.443;6.18;4.936;5.268;0.65435;0.90432;0.16007;0.34334;0.27233;0.0403;71.9;2.4;54.0;53.6;5.1;53.3;218541212.0;923768.0;236.5759;1.0241;2.74;3.6;Nigeria;102.81;87.68;180055.0;7.66;27.13;0.0;4.89;29.96;3.9;5.45;99300013.0;43.28;12.99;219.0;356089.0;302823.0;0.29;0.35;104004479.0;50.51;0.47;48.84;0.8;37.85;65.21;67373496.0;4.21;4.05;-103989.0;49.49;533
North Macedonia;Europe;;;;0.585;0.389;0.398;0.436;0.388;109.0;85.0;84.0;5.007;0.91851;1.00232;0.73545;0.33457;0.22359;0.05327;4.9;-0.5;76.2;73.9;1.4;71.7;2093599.0;25713.0;81.4218;0.9954;0.03;41.7;North Macedonia;15.81;43.84;90.0;2.58;96.13;0.0;18.56;12.19;0.0;16.58;867892.0;97.88;9.8;12.0;33202.0;19087.0;1.84;3.19;1208802.0;49.88;4.26;41.79;-0.56;9.6;1.28;965045.0;4.62;0.44;-987.0;50.12;
Norway;Europe;0.5;0.6;0.5;0.901;0.86;0.646;0.874;0.862;431.0;195.0;249.0;7.522;1.459;1.33095;0.88521;0.66973;0.34699;0.36503;1.9;0.7;85.1;83.4;1.5;81.7;5434319.0;323802.0;16.7828;1.0058;0.07;45.0;Norway;2.4;53.45;122.0;5.6;86.72;7.86;3.39;77.84;17.1;3.95;929678.0;98.05;7.6;3.3;139332.0;88950.0;3.3;5.25;4418218.0;50.41;9.03;17.38;-1.42;10.2;7.68;2825244.0;6.8;1.12;25564.0;49.59;
Oman;Asia;0.2;0.2;0.3;0.172;0.138;0.124;0.062;0.185;351.0;149.0;138.0;6.853;1.36011;1.08182;0.76276;0.63274;0.21542;0.32524;8.6;1.4;76.0;73.9;2.6;72.4;4576298.0;309500.0;14.7861;1.0123;0.06;2.3;Oman;11.32;36.47;513.0;10.45;79.79;0.0;7.64;0.0;7.9;0.89;670025.0;99.32;2.2;9.2;10242.0;8661.0;0.3;0.61;3932743.0;63.54;3.84;14.56;-5.99;19.3;9.76;2441558.0;0.88;1.1;-106864.0;36.46;
Pakistan;Asia;4.0;;;0.404;0.266;0.264;0.317;0.182;19.847;6.582;5.496;5.194;0.59543;0.41411;0.51466;0.12102;0.33671;0.10464;51.8;2.0;68.9;66.4;3.4;64.1;235824862.0;881912.0;267.4018;1.0191;2.96;20.5;Pakistan;43.89;71.51;210343.0;7.0;59.86;2.21;6.26;0.0;20.8;4.41;140882429.0;65.39;6.76;263.0;620932.0;502224.0;0.44;0.56;82410851.0;50.61;0.94;63.09;1.23;28.28;33.15;71922561.0;0.1;2.26;-1177218.0;49.39;864
Palau;Oceania;;;;;;;;;;;;;;;;;;;14.6;0.0;69.3;65.4;2.4;62.2;18055.0;459.0;39.3355;1.0017;0.0;6.3;Palau;43.56;41.95;2.0;0.0;0.0;0.0;0.0;0.0;17.9;0.0;3499.0;98.29;10.2;39.0;126.0;55.0;0.59;1.48;14417.0;52.35;7.09;19.53;-2.43;11.2;0.0;0.0;0.0;0.96;8.0;47.65;
Panama;Americas;12.7;2.0;23.4;0.738;0.552;0.444;0.566;0.45;418.0;195.0;122.0;6.786;1.06353;1.1985;0.79661;0.5421;0.24434;0.0927;12.7;1.3;80.1;76.8;2.3;73.7;4408581.0;75417.0;58.4561;1.0132;0.06;22.5;Panama;71.79;54.13;604.0;8.77;77.86;3.09;8.02;0.0;5.3;5.14;1351913.0;83.38;5.12;37.0;44176.0;31343.0;1.48;2.09;2880619.0;50.05;4.8;31.94;0.51;18.23;13.37;2041466.0;6.6;2.12;10623.0;49.95;1
Papua New Guinea;Oceania;;;;0.434;0.342;0.267;0.262;0.239;;;;;;;;;;;33.8;1.9;69.2;66.0;3.2;63.4;10142619.0;462840.0;21.9139;1.0194;0.13;0.0;Papua New Guinea;57.1;61.86;3854.0;7.37;62.35;0.0;1.49;0.0;39.9;3.28;8278107.0;19.15;6.47;432.0;14718.0;14535.0;0.29;0.32;1264379.0;51.73;1.36;86.75;2.17;26.37;30.27;2929298.0;1.7;2.87;22977.0;48.27;
Paraguay;Americas;7.8;1.9;13.7;0.581;0.43;0.358;0.35;0.253;727.0;;253.0;5.878;0.75985;1.30477;0.66098;0.53899;0.3424;0.08242;16.4;1.1;73.6;70.5;2.4;67.6;6780744.0;406752.0;16.6705;1.0115;0.09;17.5;Paraguay;72.45;54.96;1464.0;11.11;74.94;3.49;8.3;53.88;12.1;5.37;2489311.0;91.72;5.64;46.0;44465.0;30230.0;0.92;1.37;4040715.0;50.24;3.32;38.12;0.57;21.28;13.95;3336159.0;5.6;1.81;-16270.0;49.76;15
Peru;Americas;;;;0.771;0.661;0.546;0.577;0.5;3.513;1.686;996.0;5.824;0.90019;0.97459;0.73017;0.41496;0.14982;0.05989;9.7;0.8;75.5;73.4;2.2;71.3;34049588.0;1285216.0;26.4933;1.0099;0.43;40.0;Peru;58.81;54.32;4099.0;9.88;72.59;3.82;3.74;50.17;8.7;3.08;7188973.0;76.71;6.01;119.0;302926.0;237678.0;1.46;1.83;25635888.0;49.56;3.28;21.9;1.04;18.04;17.54;18527166.0;7.45;2.16;136558.0;50.44;3
Philippines;Asia;;;;0.436;0.28;0.289;0.376;0.187;14.453;5.696;1.624;5.073;0.70532;1.03516;0.58114;0.62545;0.24991;0.12279;21.6;1.5;74.2;72.2;2.7;70.2;115559009.0;342353.0;337.5434;1.0147;1.45;27.7;Philippines;49.62;57.1;25992.0;5.97;69.75;3.36;2.53;59.72;23.4;2.05;58337359.0;81.25;5.61;554.0;515990.0;282525.0;0.5;0.95;52043445.0;50.74;1.69;52.85;1.2;22.25;24.28;45091808.0;6.18;2.17;-24066.0;49.26;632
Poland;Europe;0.7;0.4;1.0;0.583;0.425;0.364;0.376;0.496;;1.117;1.432;5.791;1.12555;1.27948;0.77903;0.53122;0.16759;0.04212;3.4;8.1;80.8;77.0;1.5;73.2;39857145.0;312679.0;127.4698;1.0404;0.5;28.3;Poland;9.86;49.53;913.0;4.24;89.91;4.68;3.6;97.75;24.7;3.02;15172143.0;98.96;10.8;15.0;1138459.0;513704.0;2.8;5.81;22793332.0;48.39;4.6;39.96;0.03;9.9;5.85;18327422.0;11.63;-0.06;-2974.0;51.61;2
Portugal;Europe;0.8;;;0.888;0.813;0.617;0.79;0.766;657.0;385.0;394.0;5.102;1.15991;1.13935;0.87519;0.51469;0.13719;0.01078;2.4;-0.2;84.9;82.2;1.4;79.3;10270865.0;92090.0;111.5307;0.9981;0.13;40.0;Portugal;7.8;55.4;206.0;4.79;86.69;4.63;7.14;91.32;25.3;5.79;3521605.0;99.65;10.9;19.0;430841.0;241294.0;4.97;7.93;6764658.0;47.21;5.78;34.24;-1.58;8.4;8.52;5264058.0;10.45;0.87;43656.0;52.79;
Qatar;Asia;0.3;0.5;0.3;0.09;0.086;0.023;0.104;0.103;130.0;52.0;44.0;6.611;1.69042;1.0786;0.79733;0.6404;0.32573;0.52208;5.0;0.8;83.1;81.6;1.8;80.6;2695122.0;11586.0;232.6189;1.0026;0.03;4.4;Qatar;7.55;18.71;92.0;18.16;76.89;2.8;0.27;97.35;12.0;0.07;22795.0;99.94;0.99;35.0;1808.0;2214.0;0.11;0.24;2784440.0;73.24;2.72;0.81;-4.87;10.74;4.95;2095831.0;1.15;1.51;15493.0;26.76;
Romania;Europe;1.3;0.8;1.8;0.768;0.611;0.583;0.553;0.548;947.0;785.0;778.0;5.124;1.04345;0.88588;0.7689;0.35068;0.13748;0.00649;5.4;4.0;77.6;74.1;1.7;70.7;19659267.0;238391.0;82.4665;1.0171;0.25;19.1;Romania;37.09;52.29;632.0;3.64;91.04;3.57;3.38;82.11;28.4;4.31;8894686.0;86.54;13.4;65.0;583927.0;300761.0;3.21;5.84;10476962.0;48.41;4.6;45.92;-0.71;10.3;5.33;8972261.0;16.99;-0.37;-25453.0;51.59;
Russian Federation;Europe;;;;0.252;0.102;0.164;0.117;0.19;;;;5.716;1.13764;1.23617;0.66926;0.36679;0.00199;0.03005;;;;;;;144713314.0;17098242.0;8.4636;0.9973;1.81;;Russian Federation;14.95;48.3;5592.0;6.79;89.31;3.51;4.34;60.76;27.1;4.66;36697963.0;88.71;12.3;50.0;4042245.0;1323698.0;1.97;5.23;107708298.0;46.45;3.45;25.41;-0.65;10.1;3.9;73598523.0;10.42;0.16;333509.0;53.55;55
Rwanda;Africa;;;;0.235;0.119;0.175;0.219;0.21;2.451;336.0;231.0;3.465;0.22208;0.7737;0.42864;0.59201;0.22628;0.55191;28.3;2.3;69.2;67.1;3.7;64.8;13776698.0;26338.0;523.0731;1.0234;0.17;61.3;Rwanda;32.7;74.86;6929.0;11.43;50.39;3.24;13.52;0.0;14.1;11.51;10612900.0;71.21;6.14;57.0;38467.0;22142.0;0.35;0.59;2222128.0;48.82;2.5;82.69;2.27;30.78;38.18;4085693.0;1.88;2.98;-11823.0;51.18;1
Samoa;Oceania;;;;;;;;;32.0;9.0;17.0;;;;;;;;15.1;1.5;75.3;72.6;3.9;70.1;222382.0;2842.0;78.2484;1.0165;0.0;7.8;Samoa;45.2;75.45;47.0;7.88;81.75;4.4;13.95;44.54;25.9;6.25;173643.0;96.84;5.5;9.8;1098.0;598.0;0.55;1.06;38262.0;51.04;4.62;81.94;1.27;27.9;10.37;70843.0;2.39;0.02;-2469.0;48.96;
San Marino;Europe;;;;;;;;;;;;;;;;;;;2.4;-0.1;84.7;83.4;1.1;82.0;33660.0;61.0;551.8033;0.9975;0.0;33.3;San Marino;3.49;49.4;0.0;0.0;0.0;3.38;0.0;90.19;0.0;0.0;900.0;100.0;7.2;0.0;1165.0;776.0;4.66;6.65;33278.0;48.72;7.39;2.63;-5.09;6.7;0.0;0.0;0.0;0.21;148.0;51.28;
Sao Tome and Principe;Africa;;;;0.69;0.584;0.433;0.526;0.494;36.0;15.0;7.0;;;;;;;;12.6;2.0;71.9;68.8;3.8;66.1;227380.0;964.0;235.8714;1.0192;0.0;23.6;Sao Tome and Principe;82.12;81.5;58.0;11.41;57.63;5.9;20.27;32.0;5.8;10.72;56658.0;45.12;5.88;114.0;995.0;594.0;0.55;0.93;157941.0;49.92;2.37;26.4;-1.44;28.92;30.95;68314.0;5.01;2.61;-1718.0;50.08;
Saudi Arabia;Asia;;;;0.016;0.044;0.02;0.06;0.112;3.494;1.637;1.683;6.411;1.39541;1.08393;0.72025;0.31048;0.13706;0.32524;5.5;1.5;79.5;77.9;2.4;76.7;36408820.0;2149690.0;16.9368;1.0128;0.46;19.9;Saudi Arabia;12.03;39.43;2938.0;19.46;73.41;0.0;21.38;79.82;14.2;2.51;5709090.0;95.32;2.66;9.4;74836.0;81611.0;0.39;0.5;30118272.0;58.16;0.0;15.94;0.91;18.45;7.13;15485557.0;0.0;2.55;241172.0;41.84;124
Senegal;Africa;;;;0.718;0.566;0.399;0.587;0.54;1.977;806.0;330.0;3.904;0.36498;0.97619;0.4354;0.36772;0.20843;0.10713;21.0;2.5;70.2;67.9;4.3;65.5;17316449.0;196722.0;88.025;1.0261;0.22;42.7;Senegal;68.49;83.51;10785.0;11.34;44.91;5.45;3.04;14.44;7.1;2.74;8375929.0;57.05;5.41;117.0;37240.0;23921.0;0.3;0.46;7624852.0;49.13;1.06;52.35;1.82;33.47;43.75;4679043.0;0.41;3.67;-19973.0;50.87;
Serbia;Europe;1.1;0.7;1.4;0.348;0.243;0.234;0.198;0.306;279.0;290.0;263.0;5.123;0.92053;1.00964;0.74836;0.20107;0.19231;0.02617;4.4;-1.1;77.0;74.1;1.5;71.3;7221365.0;88361.0;81.7257;0.9897;0.09;40.0;Serbia;13.81;52.92;331.0;2.37;94.92;3.62;11.06;26.11;40.1;9.84;3037846.0;97.9;14.6;14.0;218833.0;108881.0;3.27;6.05;3907389.0;47.95;5.06;43.74;-0.92;9.3;2.71;3272110.0;7.89;-0.24;489.0;52.05;
Seychelles;Africa;4.7;;;0.714;0.64;0.3;0.64;0.582;9.0;4.0;3.0;;;;;;;;11.4;0.4;76.0;71.7;2.3;68.2;107118.0;452.0;236.9867;1.0061;0.0;22.9;Seychelles;55.74;44.35;16.0;7.53;78.98;4.05;0.0;0.0;20.6;0.0;41863.0;100.0;8.1;15.0;1132.0;398.0;0.77;2.45;55762.0;52.62;3.54;42.88;-0.11;16.4;13.49;0.0;11.99;1.64;305.0;47.38;
Sierra Leone;Africa;;;;0.556;0.426;0.374;0.514;0.403;1.36;289.0;160.0;4.507;0.33024;0.95571;0.0;0.4084;0.21488;0.08786;70.0;2.1;61.7;60.4;3.9;59.1;8605718.0;71740.0;119.957;1.022;0.11;12.3;Sierra Leone;106.73;76.42;6323.0;9.25;34.07;7.45;2.16;13.34;14.3;4.15;4628214.0;20.1;9.06;295.0;16639.0;11496.0;0.29;0.41;3418614.0;50.09;1.24;57.52;1.59;32.55;56.68;2590562.0;0.26;3.35;-2238.0;49.91;1
Singapore;Asia;0.1;0.1;0.1;0.433;0.345;0.124;0.368;0.366;239.0;;;6.798;1.52186;1.02;1.02525;0.54252;0.31105;0.4921;1.7;0.7;86.3;84.1;1.0;82.0;5975689.0;710.0;8416.4634;1.0058;0.07;29.1;Singapore;2.51;32.28;82.0;4.27;75.02;2.73;3.33;100.0;16.6;2.94;0.0;100.0;5.0;41.0;77987.0;47096.0;1.58;2.86;5703569.0;52.27;2.28;0.0;0.0;8.8;20.71;3527441.0;1.87;1.14;40624.0;47.73;
Slovakia;Europe;1.0;0.6;1.2;0.856;0.778;0.62;0.682;0.696;216.0;254.0;200.0;5.995;1.16891;1.26999;0.78902;0.31751;0.16893;0.03431;4.7;7.2;78.8;75.3;1.6;71.9;5643453.0;49037.0;115.0856;1.0359;0.07;21.3;Slovakia;26.88;47.28;167.0;6.29;88.61;4.27;5.95;82.49;31.5;5.58;2523688.0;97.53;9.8;4.5;126537.0;55705.0;2.09;4.53;2930459.0;48.83;5.48;46.27;0.13;10.5;5.1;2741604.0;10.48;0.14;3378.0;51.17;1
Slovenia;Europe;0.4;0.6;0.3;0.702;0.599;0.501;0.506;0.563;116.0;55.0;89.0;5.848;1.18498;1.27385;0.87337;0.60855;0.25328;0.03787;1.4;0.0;84.6;82.1;1.6;79.6;2119844.0;20273.0;104.5649;1.0002;0.03;28.9;Slovenia;4.46;53.56;50.0;7.36;89.99;4.9;4.96;83.46;22.3;4.01;943491.0;98.42;9.9;5.3;73515.0;36015.0;3.44;7.05;1144894.0;50.08;6.17;45.18;0.08;9.3;2.65;1028559.0;10.98;1.21;7427.0;49.92;
Solomon Islands;Oceania;;;;0.622;0.475;0.37;0.354;0.348;104.0;32.0;;;;;;;;;15.6;2.2;72.4;70.7;3.9;69.3;724273.0;28896.0;25.0648;1.0232;0.01;8.0;Solomon Islands;61.36;76.2;200.0;9.77;66.83;0.0;0.77;0.0;36.8;0.72;511577.0;34.49;4.99;66.0;1644.0;1706.0;0.49;0.5;163416.0;51.12;3.36;75.79;1.75;30.76;23.4;341348.0;1.62;4.28;-1603.0;48.88;
Somalia;Africa;;;;0.169;0.102;0.091;0.148;0.084;;;;;;;;;;;66.2;3.0;58.2;56.1;6.2;54.1;17597511.0;637657.0;27.5971;1.0312;0.22;24.4;Somalia;121.13;100.2;21021.0;9.1;29.88;0.27;24.38;30.62;0.0;16.31;8701179.0;38.23;11.04;258.0;26909.0;18909.0;0.24;0.34;7280121.0;50.13;0.0;54.45;2.57;44.56;61.02;2858312.0;0.0;4.92;48055.0;49.87;602
South Africa;Africa;41.9;;;0.702;0.582;0.438;0.627;0.49;7.556;2.032;3.248;4.642;0.92049;1.18468;0.27688;0.33207;0.11973;0.08884;28.1;0.8;64.2;61.5;2.3;58.6;59893885.0;1221037.0;49.0517;1.0084;0.75;46.7;South Africa;64.98;53.13;20430.0;12.99;51.33;5.93;27.07;69.54;20.4;24.2;19252374.0;75.38;8.61;615.0;432784.0;173451.0;0.61;1.45;38834681.0;48.56;4.82;33.14;-0.21;21.28;35.68;24142655.0;8.77;2.05;22728.0;51.44;27
South Sudan;Africa;;;;0.132;0.054;0.081;0.123;0.026;1.274;108.0;56.0;;;;;;;;60.7;1.5;57.0;55.6;4.3;54.0;10913164.0;619745.0;17.6091;1.0153;0.14;32.4;South Sudan;98.79;96.54;8084.0;10.75;27.94;0.0;13.15;0.0;0.0;11.19;8368685.0;15.75;10.53;227.0;17198.0;9251.0;0.18;0.33;2078981.0;49.46;0.77;80.1;0.15;29.06;61.3;3953250.0;0.0;1.94;2048.0;50.54;59
Spain;Europe;0.6;0.4;0.8;0.854;0.779;0.605;0.748;0.753;3.01;1.625;1.688;6.329;1.23011;1.31379;0.95562;0.45951;0.18227;0.06398;2.2;-0.1;86.5;83.9;1.3;81.2;47558630.0;505992.0;93.9909;1.0015;0.6;43.0;Spain;5.94;51.82;792.0;3.62;90.77;4.23;15.99;90.01;28.1;12.45;9160656.0;99.92;8.8;9.9;1801817.0;1061292.0;4.59;7.5;37974181.0;49.02;6.45;19.43;-0.53;7.6;5.61;23139046.0;10.91;1.02;458942.0;50.98;3
Sri Lanka;Asia;;;;0.561;0.382;0.335;0.306;0.376;1.778;1.348;;4.271;0.83524;1.01905;0.70806;0.53726;0.40828;0.09179;5.5;0.3;80.2;76.6;2.0;72.9;21832143.0;65610.0;332.7563;1.0027;0.27;5.3;Sri Lanka;15.96;52.39;1868.0;8.01;82.52;0.0;7.31;0.0;22.3;3.29;17750912.0;92.49;7.07;64.0;234820.0;112525.0;1.07;2.08;4052088.0;48.23;1.5;81.42;0.48;14.53;9.47;8666096.0;2.83;1.2;-94897.0;51.77;1
Saint Kitts and Nevis;Americas;29.4;4.1;56.5;;;;;;5.0;3.0;2.0;;;;;;;;7.8;0.2;75.7;72.0;1.5;68.7;47657.0;261.0;182.5939;1.0011;0.0;25.0;Saint Kitts and Nevis;40.29;40.87;5.0;0.0;0.0;2.99;0.0;0.0;0.0;0.0;33017.0;0.0;9.91;4.8;565.0;318.0;1.38;2.3;14695.0;48.52;2.43;69.2;-0.14;12.69;0.0;0.0;6.34;-0.03;-191.0;51.48;
Saint Lucia;Americas;39.0;8.8;69.7;;;;;;17.0;8.0;5.0;;;;;;;;11.9;0.1;74.9;71.3;1.4;68.0;179857.0;616.0;291.9756;1.0011;0.0;11.1;Saint Lucia;38.49;38.19;24.0;9.96;82.1;3.28;16.95;0.0;0.0;13.84;145092.0;83.37;8.07;3.9;1842.0;1082.0;1.22;2.05;33491.0;49.6;2.06;81.25;0.3;11.83;7.94;100650.0;9.47;0.79;0.0;50.4;
Saint Vincent and the Grenadines;Americas;;;;;;;;;;;;;;;;;;;;;;;;;103948.0;389.0;267.2185;0.9963;0.0;;Saint Vincent and the Grenadines;49.59;49.22;18.0;7.79;79.1;0.0;18.2;0.0;0.0;19.7;49719.0;0.0;10.1;4.2;1508.0;1251.0;2.33;2.94;55205.0;51.12;2.87;47.39;-1.21;13.35;13.11;52973.0;7.16;0.45;-758.0;48.88;
Sudan;Africa;;;;0.169;0.074;0.08;0.057;0.101;4.518;1.027;1.033;4.55;0.52107;1.01404;0.36878;0.10081;0.19062;0.1466;37.5;2.6;68.2;65.6;4.4;63.0;46874204.0;1886068.0;24.8529;1.0267;0.59;;Sudan;84.67;80.07;34522.0;10.51;53.95;0.0;28.44;0.0;0.0;12.9;28128529.0;36.78;6.59;67.0;79369.0;60312.0;0.28;0.37;15103564.0;49.98;1.0;65.06;2.44;34.82;35.55;12330619.0;0.01;3.74;-29450.0;50.02;173
Suriname;Americas;5.7;2.3;9.2;0.743;0.623;0.478;0.585;0.548;72.0;39.0;15.0;6.269;0.99534;0.972;0.6082;0.59657;0.16991;0.13633;16.1;0.8;73.6;70.3;2.3;67.2;618040.0;163820.0;3.7727;1.0082;0.01;29.4;Suriname;56.97;51.61;126.0;9.58;78.61;0.0;11.16;25.36;0.0;5.84;203532.0;89.25;7.06;29.0;5031.0;2926.0;0.98;1.67;396769.0;49.88;6.14;33.9;1.0;18.41;11.81;246509.0;6.63;1.16;203.0;50.12;
Sweden;Europe;1.1;0.5;1.7;0.903;0.871;0.65;0.839;0.824;792.0;334.0;510.0;7.364;1.33171;1.28907;0.91087;0.6598;0.36262;0.43844;1.8;0.6;85.1;83.5;1.7;81.9;10549347.0;450295.0;23.4276;1.0079;0.13;46.1;Sweden;3.43;60.54;295.0;5.04;89.05;7.64;6.96;95.49;24.8;6.72;1263481.0;98.9;8.6;5.4;317743.0;212237.0;4.11;6.22;9015406.0;50.29;9.22;12.29;-1.21;11.1;5.92;5456623.0;9.3;1.33;81585.0;49.71;16
Switzerland;Europe;0.5;0.6;0.4;0.898;0.851;0.801;0.863;0.834;490.0;262.0;353.0;7.587;1.39651;1.34951;0.94143;0.66557;0.29678;0.41978;3.1;0.7;85.9;84.3;1.5;82.5;8740472.0;41284.0;211.7157;1.0056;0.11;42.5;Switzerland;2.18;50.59;201.0;5.7;89.55;5.01;4.71;99.7;25.7;4.11;2242521.0;99.9;7.9;5.4;277492.0;170961.0;4.02;6.42;6332759.0;49.6;3.62;26.15;0.51;10.0;4.75;4971006.0;10.4;0.78;43546.0;50.4;1
Syrian Arab Republic;Asia;;;;0.138;0.036;0.053;0.024;0.058;;;;3.006;0.6632;0.47489;0.72193;0.15684;0.47179;0.18906;;;;;;;22125249.0;185180.0;119.4797;1.0376;0.28;;Syrian Arab Republic;38.82;68.61;4117.0;14.13;75.21;0.0;19.74;0.0;0.0;6.21;9080189.0;93.96;5.03;19.0;84560.0;49693.0;0.49;0.84;11018062.0;50.12;0.0;45.18;2.43;18.88;10.66;5690125.0;0.2;5.09;500572.0;49.88;473
Tajikistan;Asia;;;;0.184;0.048;0.057;0.061;0.072;683.0;822.0;;4.786;0.39047;0.85563;0.57379;0.47216;0.22974;0.15072;23.4;1.9;73.5;71.3;3.1;69.2;9952787.0;143100.0;69.5513;1.0208;0.12;27.0;Tajikistan;47.84;65.85;2523.0;7.32;73.19;5.57;5.63;0.0;0.0;7.91;6787161.0;96.77;4.84;83.0;27929.0;23018.0;0.49;0.6;2549842.0;50.3;1.9;72.69;2.02;28.27;19.49;2430291.0;0.87;2.91;-7192.0;49.7;2
United Republic of Tanzania;Africa;;;;0.372;0.339;0.257;0.313;0.332;;;;3.781;0.2852;1.00268;0.38215;0.32878;0.34377;0.05747;;;;;;;65497748.0;945087.0;69.3034;1.03;0.82;;United Republic of Tanzania;126.38;89.63;42819.0;11.28;34.38;3.6;2.78;23.89;9.2;1.67;39216539.0;29.1;6.01;237.0;147662.0;92791.0;0.31;0.49;20656040.0;49.38;1.57;65.5;1.92;37.11;54.34;28031346.0;10.36;5.14;-64819.0;50.62;3
Thailand;Asia;;;;0.198;0.171;0.111;0.057;0.157;5.081;3.29;3.467;6.455;0.9669;1.26504;0.7385;0.55664;0.5763;0.03187;7.1;0.2;83.9;79.7;1.3;75.5;71697030.0;513120.0;139.7276;1.0013;0.9;15.8;Thailand;33.63;41.91;3836.0;9.51;76.58;3.02;0.74;25.61;22.5;0.71;35160432.0;98.42;7.14;150.0;1291175.0;818237.0;2.36;3.53;36147331.0;48.7;2.78;49.31;-1.24;9.38;13.9;39952396.0;7.85;1.73;3758.0;51.3;329
Timor-Leste;Asia;;;;0.68;0.488;0.396;0.465;0.426;244.0;78.0;51.0;;;;;;;;30.9;1.4;70.8;69.1;3.0;67.4;1341296.0;14874.0;90.1772;1.0154;0.02;40.0;Timor-Leste;35.21;72.53;486.0;6.86;53.08;4.18;5.91;0.0;39.8;3.25;884181.0;55.19;6.89;498.0;4762.0;3918.0;0.6;0.76;396257.0;51.0;3.44;69.05;0.93;25.51;40.06;542136.0;0.4;2.66;-5265.0;49.0;
Togo;Africa;;;;0.422;0.238;0.272;0.355;0.318;1.498;;;2.839;0.20868;0.13995;0.28443;0.36453;0.16681;0.10731;43.9;2.3;62.2;61.6;4.2;60.9;8848699.0;56785.0;155.8281;1.0236;0.11;18.7;Togo;79.62;77.74;5917.0;10.32;41.12;4.2;2.8;5.6;7.1;4.55;4760552.0;18.35;8.46;37.0;11284.0;9227.0;0.22;0.28;3482542.0;50.25;0.86;57.75;1.47;32.76;48.56;2827220.0;1.42;3.71;-1997.0;49.75;
Tonga;Oceania;;;;;;;;;17.0;13.0;3.0;;;;;;;;9.2;0.9;74.1;71.3;3.2;68.6;106858.0;747.0;143.0495;1.0079;0.0;3.7;Tonga;19.5;71.33;17.0;9.52;79.4;5.27;3.12;32.95;31.1;1.64;80700.0;94.52;6.91;11.0;769.0;515.0;0.99;1.45;24251.0;49.54;2.89;76.89;-0.16;23.42;11.08;36419.0;0.38;-0.29;-1898.0;50.46;
Trinidad and Tobago;Americas;29.4;;;0.779;0.656;0.501;0.706;0.622;;;;6.168;1.21183;1.18354;0.61483;0.55884;0.31844;0.0114;15.0;0.3;78.2;74.7;1.6;71.3;1531044.0;5130.0;298.4491;1.0035;0.02;26.2;Trinidad and Tobago;39.11;42.39;172.0;10.36;82.66;3.6;4.04;0.0;0.0;3.13;711537.0;93.92;7.7;16.0;16885.0;8746.0;1.16;2.2;808418.0;49.47;3.14;46.81;1.0;12.36;6.98;695102.0;6.06;1.01;-19248.0;50.53;
Tunisia;Africa;;;;0.538;0.388;0.356;0.467;0.463;1.115;488.0;520.0;4.739;0.88113;0.60429;0.73793;0.26268;0.06431;0.06358;13.5;0.8;77.4;74.3;2.1;71.4;12356117.0;163610.0;75.5218;1.0076;0.15;26.3;Tunisia;7.07;49.87;2258.0;6.91;85.94;0.0;22.17;79.72;25.0;12.26;3704682.0;96.38;6.14;35.0;110831.0;75907.0;1.27;1.82;8344632.0;49.49;2.82;30.75;-0.03;17.22;7.14;4240590.0;2.01;1.42;-19609.0;50.51;12
Türkiye;Asia;2.5;1.0;4.0;0.283;0.123;0.173;0.087;0.219;5.434;5.278;5.691;;;;;;;;7.7;0.6;81.5;78.5;1.9;75.4;85341241.0;783562.0;108.9145;1.0067;1.07;17.4;Türkiye;19.29;46.74;5815.0;4.67;90.17;4.45;16.43;72.7;30.9;12.34;20124610.0;98.69;5.08;16.0;763431.0;368730.0;0.89;1.85;62454830.0;50.15;3.39;24.37;-0.55;15.59;5.17;33249207.0;1.82;2.08;-218341.0;49.85;542
Turkmenistan;Asia;;;;0.15;0.036;0.032;0.03;0.087;;;;5.548;0.95847;1.22668;0.53886;0.4761;0.16979;0.30844;32.9;1.4;72.9;69.4;2.6;65.9;6430770.0;488100.0;13.1751;1.014;0.08;25.9;Turkmenistan;23.3;55.55;1378.0;5.74;72.3;3.19;2.87;0.0;5.8;5.73;2953086.0;99.0;6.58;45.0;28182.0;13688.0;0.45;0.91;3205334.0;49.53;1.01;47.95;0.58;23.06;21.95;1983961.0;2.93;2.41;-9612.0;50.47;
Tuvalu;Oceania;;;;;;;;;1.0;;;;;;;;;;17.6;0.8;69.4;64.9;3.1;61.1;11312.0;26.0;435.0769;1.0096;0.0;6.3;Tuvalu;33.23;59.64;3.0;0.0;0.0;0.0;0.0;38.66;36.0;0.0;4030.0;83.5;10.16;296.0;58.0;29.0;0.52;1.1;6926.0;51.61;15.64;36.78;-1.4;23.62;0.0;0.0;1.25;2.16;-57.0;48.38;
Uganda;Africa;8.5;;;0.291;0.203;0.183;0.257;0.163;8.264;;;3.931;0.21102;1.13299;0.33861;0.45727;0.29066;0.07267;30.4;2.8;65.7;63.6;4.5;61.5;47249585.0;241550.0;195.61;1.0304;0.59;33.8;Uganda;112.08;91.74;28720.0;12.76;35.58;2.31;4.05;17.33;8.9;3.07;32486255.0;20.41;5.82;200.0;41001.0;22595.0;0.11;0.19;10462825.0;49.46;0.57;75.64;2.62;37.67;51.66;16175558.0;12.21;5.83;107203.0;50.54;15
Ukraine;Europe;3.8;;;0.513;0.312;0.322;0.426;0.37;1.537;1.714;656.0;4.681;0.79907;1.20278;0.6739;0.25123;0.15275;0.02961;7.1;-18.4;73.9;68.6;1.3;63.5;39701739.0;603500.0;65.7858;0.912;0.5;20.3;Ukraine;16.55;47.76;1709.0;5.01;91.86;5.44;7.86;71.98;26.2;8.5;13549776.0;97.74;14.7;77.0;1409249.0;525852.0;2.56;5.92;30836427.0;46.32;3.18;30.53;-0.93;8.1;3.13;21148251.0;8.7;-0.36;-7812.0;53.68;61
United Arab Emirates;Asia;0.5;0.4;0.5;0.099;0.082;0.032;0.086;0.134;461.0;260.0;;6.901;1.42727;1.12575;0.80925;0.64157;0.26428;0.38583;5.2;0.8;81.4;79.2;1.4;77.7;9441129.0;83600.0;112.9322;1.0081;0.12;50.0;United Arab Emirates;3.82;19.31;436.0;15.81;77.1;3.86;5.99;98.46;0.0;1.5;1216952.0;99.1;1.47;1.0;20197.0;16194.0;0.25;0.73;7994705.0;69.95;2.24;13.21;-1.22;9.75;7.09;6479503.0;2.37;1.09;-4466.0;30.05;
United Kingdom;Europe;;;;0.862;0.787;0.633;0.766;0.715;4.621;2.335;4.04;6.867;1.26637;1.28548;0.90943;0.59625;0.51912;0.32067;3.2;0.3;83.8;82.2;1.6;80.4;67508936.0;242900.0;277.9289;1.0034;0.85;34.4;United Kingdom;11.34;57.24;1885.0;3.69;88.16;5.25;3.53;98.08;16.1;3.92;10926403.0;99.11;9.0;8.1;2004041.0;1362177.0;4.13;5.92;55909924.0;49.38;7.92;16.35;-0.98;10.7;8.16;34695933.0;10.82;0.87;221179.0;50.62;105
United States of America;Americas;;;;0.813;0.735;0.577;0.702;0.581;;;;7.119;1.39451;1.24711;0.86179;0.54604;0.40105;0.1589;;;;;;;338289857.0;9372610.0;36.0935;1.0038;4.24;;United States of America;16.41;52.74;10296.0;6.55;88.14;4.99;3.61;97.11;23.4;3.72;57592357.0;99.68;8.7;2.9;7191218.0;4920646.0;3.02;4.34;270737596.0;49.56;8.6;17.54;-0.7;11.4;5.3;167100511.0;9.57;0.7;1158444.0;50.44;64
Uruguay;Americas;8.9;2.3;16.0;0.849;0.775;0.664;0.724;0.706;317.0;180.0;160.0;6.485;1.06166;1.2089;0.8116;0.60362;0.2324;0.24558;5.8;0.0;81.7;78.0;1.5;74.1;3422794.0;181034.0;18.9069;0.999;0.04;25.3;Uruguay;38.38;54.65;176.0;7.34;85.51;4.64;10.51;0.0;22.0;7.2;156815.0;97.77;10.06;35.0;111795.0;45792.0;2.76;6.32;3271594.0;48.39;6.25;4.57;-1.95;10.82;7.15;1743411.0;5.45;0.14;-2902.0;51.61;1
Uzbekistan;Asia;1.4;1.1;1.8;0.212;0.082;0.062;0.162;0.154;2.135;2.405;1.559;6.003;0.63244;1.34043;0.59772;0.65821;0.22837;0.30826;12.4;1.6;74.3;71.7;2.8;69.0;34627652.0;447400.0;77.3975;1.016;0.43;33.3;Uzbekistan;17.45;51.91;5062.0;6.61;85.18;6.3;5.61;74.41;17.8;6.0;16644772.0;95.94;4.6;67.0;176724.0;82976.0;0.49;1.05;16935578.0;50.02;2.26;49.57;1.97;24.3;8.21;13371837.0;2.6;1.79;-69397.0;49.98;
Vanuatu;Oceania;;;;0.771;0.651;0.483;0.619;0.586;46.0;15.0;5.0;;;;;;;;18.8;2.4;73.1;70.5;3.7;68.3;326740.0;12189.0;26.8061;1.0238;0.0;0.0;Vanuatu;65.86;77.1;103.0;9.22;73.93;1.77;1.55;0.0;18.2;1.92;227104.0;48.34;5.66;41.0;1226.0;1147.0;0.75;0.81;77300.0;50.31;1.9;74.61;2.2;30.4;16.86;126759.0;1.87;2.84;-403.0;49.69;
Venezuela;Americas;19.3;;;0.218;0.064;0.166;0.036;0.122;3.476;1.646;877.0;6.81;1.04424;1.25596;0.72052;0.42908;0.05841;0.11069;14.8;1.8;75.7;71.1;2.2;66.9;28301696.0;916445.0;30.882;1.0036;0.35;;Venezuela;85.34;56.81;5377.0;19.38;65.06;0.0;5.94;26.56;0.0;4.56;3407070.0;96.76;7.02;45.0;225442.0;125525.0;0.87;1.54;25564613.0;49.59;0.81;11.76;-3.18;16.89;15.56;11431538.0;3.02;-2.87;-976460.0;50.41;6
Viet Nam;Asia;;;;0.157;0.112;0.168;0.189;0.186;;;;5.36;0.63216;0.91226;0.74676;0.59444;0.1686;0.10441;;;;;;;98186856.0;331212.0;296.4472;1.0074;1.23;;Viet Nam;34.7;44.79;12424.0;9.33;81.37;3.08;1.6;42.31;25.0;1.76;60695620.0;86.64;6.71;176.0;1125629.0;449144.0;0.95;2.32;35081096.0;49.37;2.04;63.37;-0.21;15.66;9.3;55877866.0;9.34;2.86;-4028.0;50.63;
State of Palestine;Asia;;;;0.26;0.144;0.174;0.149;0.196;;;;;;;;;;;;;;;;;5250072.0;6220.0;844.063;1.0227;0.07;;State of Palestine;45.98;75.83;1424.0;0.0;0.0;0.0;40.89;65.45;0.0;21.2;1103858.0;98.15;3.22;0.53;14079.0;8564.0;0.37;0.6;3581448.0;49.84;0.0;23.56;1.35;29.47;0.0;1249457.0;0.0;2.87;-24737.0;50.16;157
Yemen;Asia;;;;0.114;0.035;0.067;0.018;0.028;;;;4.077;0.54649;0.68093;0.40064;0.35571;0.09131;0.07854;46.8;2.2;67.2;63.7;3.7;60.5;33696614.0;527968.0;63.8232;1.0217;0.42;0.0;Yemen;57.83;76.18;24203.0;19.49;50.36;0.0;25.04;18.57;20.5;11.96;19788293.0;53.63;6.42;48.0;71483.0;43703.0;0.27;0.46;11758398.0;50.57;0.0;62.73;1.43;31.78;30.15;7138301.0;0.03;4.13;-39769.0;49.43;525
Zambia;Africa;;;;0.411;0.318;0.27;0.221;0.259;3.216;471.0;;5.129;0.47038;0.91612;0.29924;0.48827;0.19591;0.12468;38.2;2.7;64.5;61.8;4.2;59.1;20017675.0;752612.0;26.5976;1.028;0.25;15.1;Zambia;122.84;84.54;9546.0;8.69;34.79;4.42;5.22;0.0;14.6;5.8;10279833.0;35.46;6.57;333.0;25055.0;13257.0;0.15;0.27;8100644.0;49.33;2.14;55.93;2.03;35.46;56.52;6117559.0;3.85;4.27;18019.0;50.67;
Zimbabwe;Africa;6.1;1.9;10.9;0.291;0.194;0.221;0.215;0.191;2.658;;;4.61;0.271;1.03276;0.33475;0.25861;0.18987;0.08079;37.4;2.1;62.1;59.4;3.4;56.4;16320537.0;390757.0;41.7665;1.0204;0.2;30.6;Zimbabwe;97.35;81.21;8426.0;13.09;39.26;0.0;6.99;32.96;12.1;7.76;10408889.0;35.77;8.04;199.0;44686.0;25432.0;0.35;0.55;4945719.0;47.1;0.52;67.79;1.99;31.52;47.65;5912685.0;3.63;1.99;-59918.0;52.9;
Niue;Oceania;;;;;;;;;0.0;0.0;0.0;;;;;;;;19.4;0.3;72.9;71.2;2.4;69.5;1934.0;260.0;7.4385;0.9985;0.0;;;;;;;;;;;;;;;;;;;;;;;;;;;;;;;;;
Holy See;Europe;0.0;;;;;;;;;;;;;;;;;;;1.0;;;;;510.0;1.0;510.0;0.998;0.0;;;;;;;;;;;;;;;;;;;;;;;;;;;;;;;;;
Moldova;Europe;;;;0.745;0.616;0.515;0.6;0.573;;;;5.889;0.59448;1.01528;0.61826;0.32818;0.20951;0.01615;;;;;;;3272996.0;33846.0;96.7026;1.0691;0.04;;;;;;;;;;;;;;;;;;;;;;;;;;;;;;;;;
