Country_Name;region;Homicide_per_100k;Homicide_F_percentage;Homicide_M_percentage;Electoral_Democracy;Liberal_Democracy;Participatory_Democracy;Deliberative_Democracy;Egalitarian_Democracy;Primary_Enrolled_per_K;Secondary_Low_Enrolled_per_K;Secondary_Up_Enrolled_per_K;Happiness_Score;Gdp_per_Capita;Social_Support;Healthy_Life_Exp;Freedom_of_Choices;Generosity;Corruption;Infant_mortality_per_K;Increase_Rase_Percent;Life_Exp_Birth_F_Y;Life_Exp_Birth_Y;Child_per_W;Life_Exp_Birth_M_Y;Population;Area_km2;Density_per_km2;Growth_Rate;World_Population_Percentage;Seats_percentage;adolescent_fertility_rate;age_dependency_ratio_pct;stillbirths_number;death_injury_pct;death_noncommunicable_pct;education_spending_gdp_pct;unemployment_female_pct;safe_sanitation_pct;tobacco_use_pct;unemployment_male_pct;rural_population;basic_sanitation_pct;death_rate_crude;tuberculosis_incidence_per_100k;pop_80_plus_female;pop_80_plus_male;pop_80_plus_male_pct;pop_80_plus_female_pct;urban_population;pop_male_pct_total;health_spending_gdp_pct;rural_pop_pct_total;rural_pop_growth_pct;birth_rate_crude;death_communicable_pct;labor_force_total;alcohol_consumption_liters;urban_pop_growth_pct;net_migration;pop_female_pct_total;nb_terrorist_events
Afghanistan;Asia;4;;;0,158;4,30E-02;4,80E-02;4,10E-02;8,20E-02;6,199;1,669;982;3,575;0,31982;0,30285;0,30335;0,23414;0,3651;9,72E-02;40,8;2,7;66,2;62,9;4,5;59,8;41128771;652230;63,0587;1,0257;0,52;27;86,8;87,65;37849;17,29;49,78;0;13,88;0;23,8;10,24;28042342;51;6,79;189;59648;40867;0,21;0,32;9727157;50,54;0,5;74,25;2,56;36,47;32,93;9991682;0,02;3,92;-8082;49,46;1617
Albania;Europe;2,3;0,8;3,8;0,489;0,41;0,302;0,312;0,368;188;175;140;4,959;0,87867;0,80434;0,81325;0,35733;0,14272;6,41E-02;8,2;-0,4;79,5;76,8;1,4;74,5;2842321;28748;98,8702;0,9957;4,00E-02;35,7;15,01;47,28;128;3,04;93,94;3,92;11,32;50,48;23;11,58;1106598;99,18;8,48;16;50274;44301;3,1;3,53;1747593;50,06;2,87;38,77;-2,75;10,34;3,02;1433004;5,11;1,07;-8889;49,94;2
Algeria;Africa;1,6;0,7;2,4;0,281;0,138;0,111;0,187;0,267;3,925;;;5,605;0,93929;1,07772;0,61766;0,28579;7,82E-02;0,17383;16,6;1,6;78,5;77,1;2,8;75,9;44903225;2381741;18,8531;1,0164;0,56;8,1;12,3;57,05;10028;7,66;79,36;6,04;18,68;62,41;21;8,53;11449736;86,14;4,39;61;237013;192727;0,89;1,13;31255632;50,95;4,07;26,81;-0,23;23,3;12,98;12396383;0,61;2,61;-36386;49,05;9
Andorra;Europe;;;;;;;;;4;3;1;;;;;;;;5,4;0,3;85,8;83,6;1,1;81,4;79824;468;170,5641;1,01;0;46,4;5,98;37,96;1;0;0;3,15;0;100;32;0;9173;100;3,9;7,5;1564;1064;2,74;4,17;67170;50,88;5,31;12,02;2,41;7;0;0;11,05;1,67;1238;49,12;2
Angola;Africa;;;;0,342;0,168;9,30E-02;0,163;0,142;5,621;;;4,033;0,75778;0,8604;0,16683;0,10384;0,12344;7,12E-02;48,2;3;64,5;61,9;5,2;59,4;35588987;1246700;28,5466;1,0315;0,45;29,6;141,28;92,31;25529;9,09;31,75;2,07;9,16;0;0;9,8;10942954;51,39;7,81;351;64478;40534;0,25;0,39;21410634;49,4;1,09;33,82;1,45;39,72;59,16;13629799;6,17;4,4;58986;50,6;
Antigua and Barbuda;Americas;17,2;10,3;24,7;;;;;;10;5;3;;;;;;;;5;0,6;81,6;79,2;1,6;76,5;93763;442;212,1335;1,0058;0;11,1;30,83;40,48;6;5,37;84,79;3,46;0;0;0;0;69543;97,4;5,86;0;1112;591;1,34;2,31;22574;47,72;2,56;75,49;0,66;11,48;9,83;0;8,51;0,16;0;52,28;
Argentina;Americas;4,6;1,3;8;0,811;0,657;0,551;0,666;0,621;4,784;2,723;1,779;6,574;1,05351;1,24823;0,78723;0,44974;0,11451;8,48E-02;8,8;0,5;79,3;76,1;1,9;72,9;45510318;2780400;16,3683;1,0052;0,57;44,8;46,15;55,14;3252;5,71;76,69;4,78;10,71;0;24,9;9,2;3599141;0;7,6;29;868995;398051;1,79;3,83;41339571;49,51;6,06;8,01;-0,51;14,78;17,6;20607477;8,04;1,13;4478;50,49;2
Armenia;Asia;2,2;0,9;3,7;0,726;0,541;0,457;0,581;0,604;145;;97;4,35;0,76821;0,77711;0,7299;0,19847;7,85E-02;0,039;8,1;-0,2;78,4;73,4;1,6;67,9;2780469;29743;93,4831;0,9962;3,00E-02;34,6;19,04;47,77;441;4,68;88,63;2,57;10,43;10,86;25,8;14,11;1037446;93,86;9,66;26;66317;21300;1,67;4,29;1783156;45,19;1,41;36,78;-0,75;12,89;6,69;1411206;4,98;-0,45;-25363;54,81;2
Australia;Oceania;0,7;0,4;1,1;0,849;0,804;0,609;0,775;0,717;2,141;1,408;1,301;7,284;1,33358;1,30923;0,93156;0,65124;0,43562;0,35637;2,8;1;85,5;83,6;1,6;81,7;26177413;7692024;3,4032;1,0099;0,33;31,1;8,94;52,93;769;5,94;89,11;5,13;5,1;95,51;14;5,21;3515460;100;6,7;6,8;594552;426809;3,4;4,66;21819366;49,61;7,55;13,88;0,67;12,1;4,94;13587463;10,09;1,61;235860;50,39;9
Austria;Europe;0,7;0,9;0,6;0,827;0,751;0,588;0,697;0,743;328;334;358;7,2;1,33723;1,29704;0,89042;0,62433;0,33088;0,18676;2,5;0,2;84,6;82,4;1,5;80,2;8939617;83871;106,5877;1,002;0,11;41,5;5,5;50,05;196;5,45;90,98;5,22;4,35;99,67;27,1;4,61;3683835;99,97;9,4;6;288812;169370;3,88;6,4;5196085;49,19;7,85;41,48;-8,00E-02;9,6;3,57;4662739;11,97;0,82;41105;50,81;3
Azerbaijan;Asia;1,9;1,3;2,5;0,196;6,60E-02;0,062;5,10E-02;0,113;551;574;;5,212;1,02389;0,93793;0,64045;0,3703;7,80E-02;0,16065;16,4;0,6;76,2;73,5;1,7;70,6;10358074;86600;119,6082;1,0044;0,13;18,3;49,4;44,21;1356;3,76;90,25;3,18;5,69;69,04;24,2;4,02;4407577;96,13;5,6;60;80050;41134;0,83;1,58;5616706;49,36;1,28;43,97;5,00E-02;14,1;5,99;4964822;1,97;1,48;392;50,64;2
Bahamas;Americas;29,2;2,8;57,9;;;;;;33;13;13;;;;;;;;10,1;0,7;77,8;74,4;1,4;70,8;409984;13943;29,4043;1,0051;0,01;18;26,02;40,29;55;13,86;75,43;2,7;10,02;0;10,7;10,07;68241;94,93;7,94;14;3983;2269;1,17;1,89;336316;47,89;3,08;16,87;0,02;11,49;10,71;235408;4,39;0,79;1001;52,11;
Bahrain;Asia;0,1;0,2;0;0,121;5,40E-02;3,60E-02;6,80E-02;0,113;108;47;45;5,96;1,32376;1,21624;0,74716;0,45492;0,17362;0,306;5,4;0,9;80,5;79,2;1,8;78,2;1472233;765;1924,4876;1,0061;0,02;15;9,68;29,9;118;8,89;86,1;2,38;3,77;91,29;15,2;0,48;158474;100;2;14;3527;3106;0,33;0,63;1335714;62,47;2,31;10,61;-0,54;13,2;5,01;864850;1,58;0,58;-17127;37,53;3
Bangladesh;Asia;;;;0,263;0,103;0,124;0,113;9,90E-02;;8,247;6,32;4,694;0,39753;0,43106;0,60164;0,4082;0,21222;0,12569;20,4;1;76;73,7;2;71,5;171186372;147570;1160,035;1,0108;2,15;20,9;77,68;49,26;70304;7,13;70,26;1,68;6,63;27,72;35,2;3,32;103604879;54,91;5,28;221;735015;612986;0,75;0,88;61911343;49,64;0,52;62,6;-0,11;18,35;22,61;70248864;0,01;3,2;-344054;50,36;88
Barbados;Americas;11,4;4,1;19,3;0,794;0,678;0,349;0,681;0,663;21;12;8;;;;;;;;10,4;0,1;79,6;77,7;1,6;75,7;281635;430;654,9651;1,0015;0;20;42,16;47,56;24;4,31;82,79;4,11;7,28;0;8,5;9,54;192882;98,09;8,91;0;5099;3071;2,29;3,49;87298;47,91;2,78;68,84;0,16;10,88;12,9;143823;9,47;0,21;-65;52,09;
Belarus;Europe;;;;0,176;3,80E-02;6,10E-02;4,10E-02;0,221;387;445;200;5,813;1,03192;1,23289;0,73608;0,37938;0,11046;0,1909;1,9;-0,3;78,4;73,2;1,5;68,1;9534954;207600;45,9295;0,9955;0,12;40;11,83;49,32;219;5,71;92,68;4,98;3,2;75,23;30,9;5,12;1974004;99,34;12,8;29;300468;92184;2,12;5,93;7445754;46,18;4,13;20,96;-2,32;9,3;1,61;4971033;10,9;0,37;15082;53,82;
Belgium;Europe;1,1;0,2;2;0,893;0,82;0,636;0,823;0,826;783;445;773;6,937;1,30782;1,28566;0,89667;0,5845;0,2225;0,2254;2,9;0,3;84,4;82,3;1,6;80,2;11655930;30528;381,8111;1,0038;0,15;42;5,3;55,97;343;6,12;85,98;6,33;4,94;93,19;23,9;5,73;225069;99,49;9,5;8,9;410401;242033;4,27;7,05;11263911;49,33;8,1;1,96;-1,48;10,2;7,9;5194405;10,28;0,58;54395;50,67;6
Belize;Americas;31,2;5,5;56,7;;;;;;52;29;9;;;;;;;;10,1;1,3;74,7;71;2;67,7;405272;22966;17,6466;1,0131;0,01;12,5;64,4;51,59;51;18,85;65,22;5,91;13,96;0;8,8;6,03;210633;88,2;4,73;27;1767;1573;0,8;0,91;178462;50,36;4,09;54,13;1,56;18,89;15,94;177832;5,71;2,13;1164;49,64;
Benin;Africa;;;;0,418;0,289;0,252;0,298;0,333;2,238;707;257;3,34;0,28665;0,35386;0,3191;0,4845;0,1826;8,01E-02;54,4;2,7;61,7;60;4,9;58,3;13352864;112622;118,5635;1,0274;0,17;7,4;93,9;84,94;9656;9,19;38,98;3;1,74;2,59;7,2;1,24;6408115;18,63;9,25;55;29766;19618;0,32;0,48;5882329;50,06;0,54;52,14;1,84;37,67;51,83;4403417;8,35;4,04;3363;49,94;
Bhutan;Asia;;;;0,571;0,476;0,359;0,505;0,481;99;54;21;5,253;0,77042;1,10395;0,57407;0,53206;0,47998;0,15445;20,7;0,6;74,2;72,2;1,4;70,6;782455;38394;20,3796;1,0064;0,01;17,4;19,66;43,38;93;9,05;72,74;4,76;3,34;49,51;0;2,3;448104;75,4;6,63;164;4483;4103;1,01;1,24;319355;53,05;2,65;58,39;-0,52;12,87;18,21;367463;0,2;2,44;291;46,95;
Bolivia;Americas;3,5;2,9;3,8;0,604;0,357;0,426;0,416;0,397;1,345;453;781;5,89;0,68133;0,97841;0,5392;0,57414;0,20536;8,80E-02;24,9;1,2;67,9;64,9;2,6;62,3;12224110;1098581;11,1272;1,012;0,15;46,2;65,63;57,96;2420;8,7;72,68;8,09;4;0;13,2;3,44;3559929;63,82;7,13;106;49312;30653;0,52;0,84;8217386;50,24;4,9;30,23;0,31;22,32;18,62;5684739;4,1;1,96;-8978;49,76;
Bosnia and Herzegovina;Europe;1;0,4;1,6;0,519;0,357;0,316;0,351;0,369;163;134;144;4,949;0,83223;0,91916;0,79081;9,25E-02;0,24808;2,27E-03;4,9;-0,8;77,5;75,3;1,3;73,1;3233526;51209;63,1437;0,9886;4,00E-02;26,2;10,22;47,43;82;3,77;94,42;0;18,75;0;35,5;13,63;1726532;0;12,27;27;80997;53006;3,21;4,74;1634179;49,17;6,22;51,37;-1,9;8,82;1,81;1344543;6,38;-0,38;-27848;50,83;
Botswana;Africa;10,5;7,6;;0,596;0,485;0,401;0,452;0,429;345;124;;4,332;0,99355;1,10464;4,78E-02;0,49495;0,10461;0,12474;33,1;1,7;68,4;65,9;2,8;63,3;2630296;582000;4,5194;1,0162;3,00E-02;11,1;51,15;58,43;961;9,39;45,71;8,4;21,97;0;19,8;18,42;745611;79,75;6,97;253;8319;4757;0,39;0,66;1754091;49,33;4,37;29,83;-0,45;24,89;44,9;1063621;8,16;2,99;2933;50,67;
Brazil;Americas;;;;0,667;0,513;0,416;0,412;0,318;16,299;13,815;9,687;6,983;0,98124;1,23287;0,69702;0,49049;0,14574;0,17521;12,3;0,5;76,6;73,4;1,6;70,3;215313498;8515767;25,2841;1,0046;2,7;14,8;50,02;43,14;20321;11,55;74,74;5,96;14,49;47,85;13,2;10,15;27904512;89,3;6,57;46;2064074;1183575;1,14;1,92;183878366;49,16;3,92;13,18;-1,15;13,63;13,71;107415119;7,67;1,06;69186;50,84;2
Brunei Darussalam;Asia;;;;;;;;;40;14;38;;;;;;;;9,3;0,8;76,8;74,6;1,8;72,5;449002;5765;77,8841;1,0081;0,01;9,1;9,96;39,02;31;4,99;84,67;0;8,28;0;16,2;5,96;96625;95,83;4,83;64;1814;1238;0,55;0,86;341423;51,79;2,07;22,06;-0,54;14,58;10,34;217445;0,41;1,27;-587;48,21;
Bulgaria;Europe;1,3;0,8;1,8;0,667;0,555;0,488;0,56;0,498;262;224;278;4,218;1,01216;1,10614;0,76649;0,30587;0,11921;8,72E-03;5,3;-1,5;75,1;71,5;1,6;68,3;6781953;110879;61,1654;0,9849;9,00E-02;22,5;39,24;56,28;325;2,47;95,31;4,2;3,87;70,44;39,4;4,54;1719734;86,02;15,5;21;240370;130139;3,85;6,69;5256027;48,51;4,19;24,65;-2,07;8,8;2,21;3391873;11,92;-0,25;-11439;51,49;1
Burkina Faso;Africa;;;;0,628;0,428;0,345;0,495;0,397;2,707;812;153;3,587;0,25812;0,85188;0,27125;0,39493;0,21747;0,12832;47,4;2,5;61,5;59,8;4,7;58;22673762;272967;83,0641;1,0259;0,28;6,3;113,42;89,77;16079;11,13;34,77;5,41;4,64;8,94;14,9;4,74;14670338;22,82;8,75;47;33069;18536;0,18;0,31;6281301;49,79;2,25;70,02;1,82;36,69;54,1;7569473;9,81;4,8;-25277;50,21;10
Burundi;Africa;;;;0,18;7,00E-02;9,10E-02;9,20E-02;0,112;2,072;500;164;2,905;1,53E-02;0,41587;0,22396;0,1185;0,19727;0,10062;36,3;2,7;63,9;62;5;60,1;12889576;27834;463,0874;1,027;0,16;38,2;54,86;98,21;9444;12,06;36,76;5,35;0,86;0;12,2;0,89;10287647;45,75;7,35;107;20228;12126;0,21;0,34;1587191;49,64;2,39;86,63;2,88;36,32;51,17;4990348;4,13;5,79;14241;50,36;83
Cabo Verde;Africa;;;;0,773;0,676;0,489;0,643;0,598;66;35;24;;;;;;;;11,4;0,9;79;74,7;1,9;70,3;593149;4033;147,0739;1,0089;0,01;38,9;56,45;48,73;97;14,05;70,12;4,14;11,62;0;11,7;12,68;195065;78,82;5,16;46;6754;2745;0,96;2,33;381965;49,73;3,25;33,8;-0,35;17,46;15,83;240383;6,27;1,72;-1296;50,27;
Cambodia;Asia;;;;0,197;6,50E-02;0,119;6,50E-02;8,60E-02;2,012;547;;3,819;0,46038;0,62736;0,61114;0,66246;0,40359;7,25E-02;20,6;1;72,6;69,9;2,3;67,1;16767842;181035;92,6221;1,0108;0,21;20,8;46,89;53,7;3976;9,24;67,72;2,83;0,18;32,07;21,9;0,12;12349492;66,96;5,95;287;69824;38304;0,48;0,85;3858254;49,49;1,68;76,19;0,59;20,28;23,03;8636531;8,48;2,9;-55607;50,51;
Cameroon;Africa;;;;0,291;0,123;0,114;0,1;0,184;4,37;1,47;638;4,252;0,4225;0,88767;0,23402;0,49309;0,20618;5,79E-02;45,8;2,6;62,6;61;4,4;59,4;27914536;475442;58,7128;1,0263;0,35;33,9;114,53;83,71;18384;10,46;37,73;3,05;4,14;0;7,5;3,17;11094657;42,4;8,16;179;59770;45481;0,35;0,46;14687684;49,86;0,41;43,03;1,4;36,15;51,82;10596388;10,1;3,82;-12254;50,14;56
Canada;Americas;2,1;1;3,1;0,851;0,747;0,603;0,725;0,742;2,304;1,152;1,49;7,427;1,32629;1,32261;0,90563;0,63297;0,45811;0,32957;3,9;0,9;84,8;82,8;1,5;80,9;38454327;9984670;3,8513;1,0078;0,48;30,5;6,89;50,48;1031;5,42;89,81;4,77;5,25;84,06;13,6;6,03;6962996;98,76;7,6;5,9;972779;652980;3,5;5,14;30638234;49,68;7,64;18,52;1,05;9,9;4,77;20758436;9,9;1,52;391914;50,32;6
Central African Republic;Africa;;;;0,334;0,175;0,141;0,167;0,164;;;;3,678;0,0785;0;6,70E-02;0,48879;0,23835;8,29E-02;67,7;2,8;56,8;54,5;5,9;52,3;5579144;622984;8,9555;1,0224;7,00E-02;12,9;162,61;103,54;6030;9,02;31,92;1,77;6,46;13,95;0;5,18;3033389;14,48;10,87;540;6307;5198;0,2;0,24;2175935;50,02;0,82;58,23;1,53;41,92;59,06;1893599;1,99;3,2;-36942;49,98;38
Chad;Africa;;;;0,189;5,10E-02;0,117;0,112;0,078;2,27;357;156;3,667;0,34193;0,76062;0,1501;0,23501;0,18386;5,27E-02;65,5;3,1;54,8;53;6,2;51,3;17723315;1284000;13,8032;1,0316;0,22;31,2;143,45;99,9;18694;9,57;26,99;2,37;0,77;10,42;8,5;1,36;12372693;12,29;12,37;142;21610;15416;0,19;0,27;3754173;50,19;0,7;76,72;3,01;44,23;63,45;5027534;3,73;4,24;-9469;49,81;5
Chile;Americas;3,6;0,7;6,6;0,836;0,779;0,59;0,773;0,645;1,478;514;1,032;6,67;1,10715;1,12447;0,85857;0,44132;0,33363;0,12869;4,9;0,1;81,9;79,5;1,5;77,2;19603733;756102;25,9274;1,0057;0,25;35,5;24,13;44,83;625;7,76;85,13;5,62;8;95,24;29,9;6,74;2352709;100;6,35;18;347875;211826;2,24;3,63;16686776;49,64;4,75;12,36;1,15;11,86;7,11;9214285;6,75;1,88;230162;50,36;18
China;Asia;;;;7,70E-02;0,039;4,20E-02;8,70E-02;9,70E-02;95,958;44,411;41,716;5,14;0,89012;0,94675;0,81658;0,51697;8,19E-02;2,78E-02;5,9;0;81,3;78,6;1,2;76;1425887337;9706961;146,8933;1;17,88;24,9;12,94;43,44;79535;6,82;89,63;3,54;3,96;63,25;25,7;5,05;558762145;91,29;7,09;58;18868020;12103936;1,68;2,74;848982855;51,11;3;39,69;-2,52;10,41;3,55;775321104;5,73;2,29;-302609;48,89;5
Colombia;Americas;27,5;4,1;51,5;0,646;0,485;0,425;0,417;0,321;4,479;3,458;1,335;6,477;0,91861;1,24018;0,69077;0,53466;0,18401;5,12E-02;10,9;0,3;77,1;73,7;1,7;70,3;51874024;1141748;45,4339;1,0069;0,65;18,6;61,82;43,95;5442;14,01;75,65;4,51;12,77;18,03;8,8;7,89;9483412;92,15;5,41;35;429646;272907;1,1;1,69;40703994;49,37;5,77;18,9;0,12;14,68;10,34;26304740;4,92;2,23;395803;50,63;109
Comoros;Africa;;;;0,293;0,113;0,209;0,205;0,23;;;;3,956;0,23906;0,79273;0,36315;0,22917;0,17441;0,199;45,5;1,8;66,1;63,7;3,9;61,5;836774;1862;449,3953;1,0184;0,01;16,7;60,62;75,46;610;11,25;44,68;0;10,26;0;20,8;6,74;560303;35,91;8,2;35;2516;1974;0,5;0,64;230683;50,21;0,83;70,84;1,59;30,4;44,07;213852;0,25;2,56;-2917;49,79;
Democratic Republic of the Congo;Africa;;;;0,35;0,15;0,2;0,273;0,192;13,763;2,152;2,467;;;;;;;;50;3,2;62,1;59,7;6,1;57,5;99010212;2344858;42,2244;1,0325;1,24;12,8;110,75;97,85;111743;9,69;34,13;0;3,74;13,5;13;5,08;49407432;16,42;9,38;320;193993;132076;0,3;0,43;40499458;49,61;0,56;54,95;2,13;42,66;56,18;31751451;2,12;4,5;-144916;50,39;169
Congo;Africa;;;;0,245;0,108;0,193;0,197;0,134;842;;140;3,989;0,67866;0,6629;0,31051;0,41466;0,12388;0,11686;36,7;2,3;64,6;63,1;4,1;61,5;5970424;342000;17,4574;1,0231;7,00E-02;11,3;106,7;80,2;2842;9,46;38,57;3,56;21,86;0;14,3;19,38;1817563;20,36;7,39;373;11285;7470;0,27;0,4;3753170;49,94;1,12;32,63;0,96;31,68;51,97;2195682;6,4;3,04;-6271;50,06;15
Costa Rica;Americas;11,4;2,2;20,6;0,898;0,85;0,648;0,849;0,801;473;291;169;7,226;0,95578;1,23788;0,86027;0,63376;0,25497;0,10583;6,8;0,5;80;77,3;1,5;74,8;5180829;51100;101,3861;1,0052;6,00E-02;45,6;44,88;45,2;287;10,88;81,99;6,74;14,12;24,84;9,1;8,51;1013042;97,85;5,47;10;59125;42156;1,66;2,33;4071490;50,08;5,24;19,92;-2,76;12,85;7,13;2573190;3,45;1,79;4154;49,92;
Côte d'Ivoire;Africa;;;;0,436;0,239;0,311;0,401;0,252;;;;3,655;0,46534;0,77115;0,15185;0,46866;0,20165;0,17922;;;;;;;28160542;322463;87,3295;1,0248;0,35;;107,17;81,28;21012;10,03;35,66;3,44;3,01;16,32;9,7;1,94;12749807;34,78;8,73;137;51075;42947;0,32;0,4;13397744;50,55;0,99;48,76;1,59;34,55;54,31;9735200;2,8;3,43;-15520;49,45;1
Croatia;Europe;0,8;0,7;1;0,754;0,65;0,524;0,557;0,593;162;179;182;5,759;1,08254;0,79624;0,78805;0,25883;5,44E-02;2,43E-02;3;-0,5;82;79,2;1,4;76,4;4030358;56594;71,2153;0,9927;5,00E-02;31,8;9,06;54,66;112;5,07;91,54;3,95;7,17;77,81;36,7;6,16;1738221;96,15;12,7;8,3;152317;75214;3,81;7,29;2327032;48,61;5,55;42,76;-1,24;8,9;3,4;1781597;8,54;-4,00E-02;-12480;51,39;
Cuba;Americas;;;;0,179;5,70E-02;8,80E-02;9,90E-02;0,242;746;408;418;;;;;;;;4;-0,2;80,6;78,2;1,4;75,8;11212191;109884;102,0366;0,9961;0,14;53,4;52,62;45,46;773;7,48;83,31;9,05;1,2;41,31;18,7;1,2;2590505;90,66;9,86;6,5;234023;174094;3,09;4,11;8726192;49,73;9,87;22,89;-0,42;9,75;9,22;5347554;6,01;-0,01;-13686;50,27;
Cyprus;Asia;1,3;1,1;1,4;0,792;0,648;0,507;0,642;0,692;54;27;30;5,689;1,20813;0,89318;0,92356;0,40672;0,30638;6,15E-02;2,1;0,7;83,7;81,9;1,3;80,1;1251488;9251;135,2814;1,0059;0,02;14,3;6,96;42,6;35;5,35;89,86;5,21;8,01;76,81;35,5;6,28;407912;99,4;6,77;6,2;22854;15830;2,57;3,73;820924;50,1;3,84;33,2;0,83;10,79;4,79;649712;8,05;0,81;4948;49,9;2
Czechia;Europe;0,4;0,5;0,4;0,805;0,716;0,532;0,631;0,716;535;370;400;6,505;1,17898;1,20643;0,84483;0,46364;0,10686;2,65E-02;2,4;-0,1;81,2;78,1;1,7;75,1;10493986;78865;133,0627;0,9984;0,13;25,5;9,85;55,48;298;4,78;89,4;4,54;2,38;88,69;30,9;1,72;2783117;99,14;10,5;5;291310;146625;2,79;5,38;7888753;49,25;6,44;26,08;-0,1;10,5;5,83;5421467;13,29;0,57;4030;50,75;2
Denmark;Europe;0,8;0,5;1,1;0,915;0,885;0,694;0,874;0,878;469;242;312;7,527;1,32548;1,36058;0,87464;0,64938;0,34139;0,48357;2,9;0,5;83,8;81,9;1,7;80;5882261;43094;136,4984;1,0048;7,00E-02;39,7;2,12;56,72;120;3,52;89,66;6,91;5,27;98,56;18,1;4,8;698080;99,6;9,3;5,2;162777;106930;3,7;5,57;5116342;49,72;8,47;12,01;-0,64;10,5;6,83;3032098;9,4;0,49;23305;50,28;1
Djibouti;Africa;;;;0,255;0,125;0,139;0,148;0,193;63;38;22;4,369;0,44025;0,59207;0,36291;0,46074;0,18093;0,28105;36,5;1,4;65,5;62,9;2,8;60,3;1120849;23200;48,3125;1,0138;0,01;26,2;22,72;56,43;698;10,81;51,77;0;35,86;39,49;0;22,4;237192;66,64;8,42;212;3389;2386;0,45;0,63;836802;49,69;0,97;22,08;0,95;22,75;37,41;235094;0,4;1,75;1322;50,31;
Dominica;Americas;13,8;5,5;22,2;;;;;;8;4;2;;;;;;;;11,4;0,4;76,5;73;1,6;69,9;72737;751;96,8535;1,0045;0;34,4;39,33;41,92;15;0;0;5,53;0;0;0;0;20867;0;8,37;16;809;498;1,4;2,26;50561;49,94;3,31;29,21;-0,18;13,27;0;0;6,1;1,28;326;50,06;
Dominican Republic;Americas;10,5;2,6;18,5;0,679;0,465;0,46;0,605;0,379;1,307;351;579;4,885;0,89537;1,17202;0,66825;0,57672;0,21684;0,14234;24,4;0,9;77,5;74,2;2,2;71;11228821;48671;230,7087;1,01;0,14;27,9;78,46;53,04;2784;15,49;71,93;4,04;9,41;44,44;10,9;4,01;1977456;87,2;6,01;42;93301;64875;1,19;1,72;8904426;50,29;2,59;18,17;-2,99;19,29;12,58;5091385;6,76;2;-29830;49,71;
Ecuador;Americas;14;2,5;25,5;0,613;0,449;0,425;0,461;0,38;1,998;1,043;889;5,975;0,86402;0,99903;0,79075;0,48574;0,11541;0,1809;10,7;1,1;80,5;77,9;2;75,3;18001000;276841;65,0229;1,0114;0,23;38,7;67,77;52,29;2705;11,46;76,2;4,23;4,59;41,9;11,6;3,26;6246175;90;4,91;46;149859;102263;1,18;1,73;11097565;50,01;4,83;36,01;1,45;17,34;12,34;8387366;3,26;2,17;71801;49,99;2
Egypt;Africa;;0,5;;0,178;0,118;7,40E-02;0,105;8,50E-02;;;;4,194;0,8818;0,747;0,61712;0,17288;0,11291;6,32E-02;16;1,5;72,6;70,2;2,9;67,9;110990103;1002450;110,7188;1,0158;1,39;27,7;46,43;61,22;24105;4,76;85,61;0;21,35;66,28;24,4;4,76;60487813;97,2;5,58;12;429933;217889;0,41;0,82;45130858;50,59;1,36;57,27;1,75;23,57;9,63;29708924;0,15;1,85;-59715;49,41;376
El Salvador;Americas;18,2;4;33,5;0,443;0,187;0,261;0,205;0,216;741;366;234;6,13;0,76454;1,02507;0,67737;0,4035;0,10692;0,11776;9,9;0,4;75,8;71,5;1,8;66,8;6336392;21041;301,145;1,0035;8,00E-02;27,4;57,81;52,54;966;19,09;65,11;3,39;4,38;0;8,3;4,02;1711610;86,82;7,45;60;67251;42967;1,44;2,05;4568607;47,65;4,71;27,25;-2,56;16,42;15,8;2762085;3,28;1,06;-55143;52,35;
Equatorial Guinea;Africa;;;;0,172;5,30E-02;4,90E-02;4,30E-02;0,115;93;27;;;;;;;;;53,8;2,4;63,3;61,2;4,2;59,4;1674908;28051;59,7094;1,0247;0,02;22;148,87;72,51;753;7,71;32,78;0;9,18;0;0;7,63;425111;0;8,58;286;4000;2823;0,34;0,55;1127920;52,92;0,64;27,37;1,58;31,87;59,51;528292;6,94;4;14695;47,08;
Eritrea;Africa;;;;7,20E-02;0,01;1,10E-02;0,031;0,116;362;147;99;;;;;;;;28,6;1,7;68,7;66,6;3,8;64,5;3684032;117600;31,3268;1,0176;5,00E-02;;65,92;81,82;1714;11,88;49,48;0;6,38;0;7,7;5,11;2074379;0;6,31;86;11212;7441;0,43;0,63;1424439;49,3;0,79;59,29;0,48;28,94;38,64;1609065;1,23;3,1;-29849;50,7;
Estonia;Europe;2;0,6;3,5;0,896;0,845;0,625;0,778;0,8;80;37;41;5,429;1,15174;1,22791;0,77361;0,44888;8,68E-02;0,15184;1,8;-0,2;83;79,2;1,7;75;1326062;45227;29,3201;0,998;0,02;25,7;8,69;57,08;30;4,22;92,19;5,3;4,92;90,41;30,5;4,12;410662;99,08;11,6;13;56576;19566;3,12;8,09;916236;47,29;5,08;30,95;-0,18;10,6;3,58;700314;11,26;0,62;5410;52,71;
Eswatini;Africa;12,7;;;0,12;9,60E-02;0,111;5,20E-02;6,80E-02;241;68;32;4,867;0,71206;1,07284;7,57E-02;0,30658;0,18259;3,06E-02;39,2;0,7;60,6;56,4;2,8;52,6;1201670;17364;69,2047;1,0079;0,02;12,2;71,81;65,92;434;12,06;45,86;5,7;24,55;0;9,3;21,21;889128;64,52;8,92;363;3274;2108;0,36;0,56;280485;49,57;3,42;76,02;0,55;25,12;42,08;381377;8,09;1,55;-9796;50,43;
Ethiopia;Africa;;;;0,289;0,144;0,157;0,241;0,228;16,198;4,233;796;4,512;0,19073;0,60406;0,44055;0,4345;0,24325;0,15048;31,9;2,5;68,9;65,6;4,1;62,6;123379924;1104300;111,7268;1,0257;1,55;41,5;71,69;77,9;83493;12,09;43,26;4,48;4,29;6,69;5,2;2,29;89898498;8,65;6,44;140;246985;183115;0,32;0,44;24222096;50,28;0,73;78,78;2,07;33,12;44,65;54535675;3,36;4,86;-10803;49,72;13
Fiji;Oceania;;;;0,401;0,27;0,204;0,303;0,287;109;63;37;;;;;;;;17,9;0,7;70,2;68,3;2,5;66,5;929766;18272;50,8847;1,0056;0,01;19,6;27,21;53,34;168;5,94;84,71;5,12;5,63;49,27;23,4;3,84;397236;93,71;7,94;66;3697;2045;0,44;0,81;521229;50,23;2,5;43,25;-1,21;19,96;9,35;372229;3,45;0,83;-11865;49,77;
Finland;Europe;;;;0,867;0,828;0,614;0,8;0,785;355;178;362;7,406;1,29025;1,31826;0,88911;0,64169;0,23351;0,41372;1,6;0,1;84,9;82,4;1,4;79,8;5540745;338424;16,3722;1,0009;7,00E-02;45,5;4,09;61,13;91;5,64;92,93;6,42;6,16;89,53;22,2;7,17;803615;99,45;9,8;4,7;197134;110380;4,05;7,05;4717991;49,37;7,35;14,55;-0,33;8,3;1,42;2758855;9,16;0,19;15558;50,63;3
France;Europe;1,1;0,7;1,6;0,872;0,791;0,614;0,805;0,764;4,256;3,376;2,607;6,575;1,27778;1,26038;0,94579;0,55011;0,12332;0,20646;3,3;0,2;86;83,2;1,8;80,4;64626628;551695;117,1419;1,0015;0,81;39,5;9,66;62,28;2100;6,36;87,28;5,35;8,35;89,45;33,6;8,47;12999819;98,65;9,1;9,1;2726665;1521276;4,67;7,83;54388182;48,36;8,34;19,29;-1,02;11,2;6,37;30652293;11,3;0,67;17403;51,64;26
Gabon;Africa;;;;0,376;0,206;0,26;0,291;0,296;;;;3,896;1,06024;0,90528;0,43372;0,31914;6,82E-02;0,11091;29,5;2;68,4;65,7;3,5;63,4;2388992;267668;8,9252;1,0204;3,00E-02;15,4;94,8;68,06;934;8,72;45,01;2,87;28,27;0;0;15,76;230087;49,78;6,86;521;7846;6628;0,58;0,71;2012698;51,02;1,67;10,26;-1,26;28,35;46,27;691827;7,33;2,7;2230;48,98;
Gambia;Africa;;;;0,506;0,419;0,327;0,382;0,352;294;90;;;;;;;;;28;2,4;64,3;62,9;4,6;61,5;2705992;10689;253,1567;1,025;3,00E-02;10,3;65,84;87,89;1901;10,73;37,1;2,65;3,22;29,89;11,6;5,03;955107;47,2;7;158;5318;4112;0,33;0,42;1553776;49,72;1,3;38,07;0,86;34,28;52,17;850208;1,11;3,66;-4186;50,28;
Georgia;Asia;;;;0,647;0,497;0,413;0,527;0,509;289;139;138;4,297;0,7419;0,38562;0,72926;0,40577;5,55E-02;0,38331;8,2;-0,5;76,5;71,6;2,1;66,8;3744385;69700;53,7214;0,9964;5,00E-02;19,1;30,97;54,1;293;3,9;93,35;3,87;10,17;26;31,7;12,81;1523815;86,53;12,88;74;94569;36430;2,08;4,8;2196346;47,07;2,72;40,96;-1,16;13,45;2,75;1856196;14,33;0,52;-5414;52,93;4
Germany;Europe;0,8;0,8;0,9;0,872;0,823;0,629;0,833;0,809;2,879;4,543;2,57;6,75;1,32792;1,29937;0,89186;0,61477;0,28214;0,21843;3;-0,1;83,5;81;1,5;78,5;83369843;357114;233,4544;0,9995;1,05;34,9;7,52;54,73;2157;4,64;90,6;5,12;2,73;96,87;22,5;3,5;18798952;99,23;11,3;6,1;3488701;2119130;5,17;8,29;64294010;49,34;9,03;22,62;-6,00E-02;9,4;4,76;44433744;12,22;0,31;360560;50,66;44
Ghana;Africa;1,8;0,6;3,1;0,653;0,56;0,328;0,515;0,484;4,342;1,591;848;4,633;0,54558;0,67954;0,40132;0,42342;0,23087;4,35E-02;31,6;1,9;66,1;63,9;3,5;61,8;33475870;238533;140,3406;1,0196;0,42;14,6;66,58;70,12;20431;9,38;45,39;3,15;3,59;14,09;3,6;3,34;13646945;25;7,14;144;87516;61479;0,39;0,55;17875345;49,88;1,38;43,29;0,61;28,57;45,24;13516316;4,55;3,24;-21860;50,12;1
Greece;Europe;0,9;0,6;1,1;0,786;0,655;0,542;0,691;0,666;644;321;342;4,857;1,15406;0,92933;0,88213;7,70E-02;0;0,01397;3,4;-0,5;83,3;80,6;1,4;78;10384971;131990;78,68;0,9942;0,13;21;8,31;56,62;270;3,91;83,24;3,59;21,48;90,61;34,5;13,96;2209932;98,99;11,7;4,7;398880;323264;6,15;7,3;8511650;49,01;4;20,61;-1,69;7,8;12,85;4735273;7,12;0,31;-21581;50,99;31
Grenada;Americas;4;1,6;6,4;;;;;;13;5;4;;;;;;;;12,3;0,6;78,3;75,3;2;72,6;125438;344;364,6453;1,0066;0;46,7;34,1;50,81;19;5,86;82,8;0;0;0;0;0;78057;0;8,01;3,1;1951;1144;1,86;3,19;44667;50,1;2,04;63,6;0,53;16,62;11,34;0;8,06;1,07;-190;49,9;
Guatemala;Americas;20;6,1;34,1;0,49;0,313;0,301;0,264;0,199;2,382;819;401;6,123;0,74553;1,04356;0,64425;0,57733;0,27489;9,47E-02;19,8;1,4;71,8;68,7;2,4;65,7;17843908;108889;163,8725;1,0134;0,22;19,4;71,73;63,37;5481;16,12;61,57;3,19;2,94;0;11;1,84;8063081;68,24;4,89;26;95131;72169;0,88;1,14;8540945;49,53;2,38;48,56;0,77;22,86;22,31;6481136;1,63;2,31;-58095;50,47;
Guinea;Africa;;;;0,271;0,103;0,198;0,108;0,158;1,649;448;219;3,656;0,17417;0,46475;0,24009;0,37725;0,28657;0,12139;63,9;2,4;60,2;59;4,3;57,6;13859341;245857;56,3716;1,0242;0,17;29,6;120,26;84,46;11035;8,77;33,27;1,86;5,07;0;0;4,99;8177237;27,61;9,71;176;38151;25617;0,4;0,58;4700302;49,31;0,92;63,5;1,97;35,44;57,96;3923389;0,47;3,53;-3243;50,69;1
Guinea-Bissau;Africa;;;;0,53;0,329;0,236;0,263;0,31;;;;;;;;;;;50,1;2,1;61,9;59,9;3,9;57,7;2105566;36125;58,2856;1,0218;3,00E-02;13,7;91,38;79,1;2112;9,21;33,17;0;2,71;13,81;9,3;3,56;1107850;24,98;8,21;361;3802;2860;0,29;0,38;862607;49,32;0,53;56,22;1,6;32,09;57,62;646165;4,14;3,29;-1395;50,68;
Guyana;Americas;16,3;2,2;31;0,545;0,37;0,329;0,265;0,392;;;;;;;;;;;23,6;0,5;69,4;66;2,4;62,8;808726;214969;3,7621;1,0052;0,01;35,7;69;52,97;238;12,94;69,65;0;15,09;45,84;12,6;12,46;585574;89,15;7,44;78;4881;3041;0,77;1,2;213179;49,18;2,93;73,31;1,56;20,83;17,41;284892;5,35;1,98;-24678;50,82;1
Haiti;Americas;13;1,9;24,3;0,366;0,214;0,205;0,269;0,101;;;;4,518;0,26673;0,74302;0,38847;0,24425;0,46187;0,17175;43,4;1,2;66,7;63,7;2,8;60,9;11584996;27750;417,4773;1,012;0,15;;54,24;59,48;4993;10,63;64,72;1,76;16,54;0;7,9;11,24;4889165;36,94;7,95;170;37021;22316;0,4;0,66;6271273;49,6;0,41;43,81;-0,73;24,3;24,66;4930691;3,45;2,98;-34635;50,4;1
Honduras;Americas;38,3;6,5;69,5;0,403;0,252;0,263;0,279;0,16;1,154;399;239;4,788;0,59532;0,95348;0,6951;0,40148;0,23027;6,83E-02;12,8;1,5;73,2;70,7;2,3;68,5;10432860;112492;92,7431;1,015;0,13;27,3;73,8;55,32;1849;17,89;71,43;5,93;7,78;51,78;0;4,28;4209597;81,95;4,32;31;32977;20241;0,4;0,67;5749232;50,53;2,87;42,27;0,19;21,63;10,68;4399023;3,17;2,78;-6550;49,47;1
Hungary;Europe;0,8;0,5;1,1;0,455;0,35;0,305;0,222;0,328;396;385;441;4,8;1,12094;1,20215;0,75905;0,32112;0,128;0,02758;3,3;5,6;78,3;75;1,6;71,6;9967308;93028;107,1431;1,0265;0,12;13,1;21,99;51,89;335;4,14;93,89;4,22;3,5;87,75;32,2;3,36;2770705;97,99;13,3;6,2;307451;128831;2,75;6,04;7000436;47,88;4,3;28,36;-1,07;9,5;1,98;4748584;10,6;0,36;33559;52,12;1
Iceland;Europe;0,5;0,6;0,5;0,832;0,743;0,612;0,726;0,738;30;13;24;7,561;1,30232;1,40223;0,94784;0,62877;0,4363;0,14145;1,4;0,7;84,3;82,8;1,7;81,4;372899;103000;3,6204;1,0069;0;47,6;5,54;49,62;8;5,56;89,47;7,61;3,11;0;12,6;3,84;22157;98,78;6,3;4,1;7208;5316;2,88;4,1;338406;51,28;7,06;6,14;1,52;12,3;4,97;220983;8,07;2,24;5152;48,72;
India;Asia;2,9;2,5;3,3;0,42;0,332;0,265;0,298;0,258;127,828;66,46;63,083;4,565;0,64499;0,38174;0,51529;0,39786;0,26475;8,49E-02;26,3;0,7;69,4;67,7;2;66,3;1417173173;3287590;431,0675;1,0068;17,77;14,9;17,7;49,4;315189;9,9;65,93;0;6,07;45,77;28,1;6,64;906325664;69,66;6,71;202;8128173;6167838;0,86;1,22;476786386;51,65;0,99;65,53;0,35;17,05;24,17;501044031;4,92;2,32;-593495;48,35;1025
Indonesia;Asia;;;;0,568;0,413;0,372;0,5;0,306;29,7;13,4;10,356;5,399;0,82827;1,08708;0,63793;0,46611;0,51535;0;17,7;0,6;70,4;68,3;2,2;66,2;275501339;1904569;144,6529;1,0064;3,45;21,9;34,87;48,27;43431;4,75;76,33;2,84;3,35;0;37,2;3,75;118656904;82,07;7,54;312;1704244;1015912;0,75;1,27;150925974;50,37;1,42;44,02;-0,55;16,91;18,93;136201932;0,11;2,12;-40567;49,63;19
Iran;Asia;;;;0,181;0,116;5,10E-02;0,134;0,166;7,67;;;4,686;1,0088;0,54447;0,69805;0,30033;0,38086;5,86E-02;10,3;0,7;77,5;74,6;1,7;71,9;88550570;1648195;53,7258;1,0071;1,11;5,6;33,33;44,74;9900;10,6;81,31;3,26;17,58;0;14;9,12;21302584;90,02;4,87;13;554637;335927;0,77;1,3;65261618;50,59;2,94;24,61;-0,88;15,12;8,09;28702961;0,7;1,76;-34571;49,41;10
Iraq;Asia;;;;0,365;0,218;0,202;0,264;0,188;;;;4,677;0,98549;0,81889;0,60237;0;0,17922;0,13788;17,6;2,2;73,4;71,3;3,4;69,2;44496122;438317;101,5158;1,0221;0,56;28,9;65,12;73,09;14333;17,81;66,89;0;26,71;49,61;18,8;13,24;12187255;97,86;4,3;28;113764;59794;0,29;0,55;29376265;50,02;2,1;29,32;1,67;28,08;15,3;10698395;0,24;2,66;-29880;49,98;3360
Ireland;Europe;0,4;0,3;0,6;0,895;0,832;0,638;0,814;0,797;545;190;165;6,94;1,33596;1,36948;0,89533;0,61777;0,45901;0,28703;2,5;0,7;84,4;82,7;1,8;81;5023109;70273;71,4799;1,0073;6,00E-02;23,1;5,8;53,14;159;3,91;90,41;0;4,69;79,4;21,4;5,17;1805722;89,31;6,3;5,8;97575;67206;2,75;3,92;3128618;49,53;4,98;36,6;0,73;12;5,68;2446760;11,7;1,74;29113;50,47;15
Israel;Asia;1,9;0,6;3,3;0,735;0,651;0,486;0,587;0,601;884;407;378;7,278;1,22857;1,22393;0,91387;0,41319;0,33172;7,79E-02;2,9;1,5;84,5;82,6;2,9;80,6;9038309;20770;435,1617;1,0155;0,11;30;8,12;66,46;502;4,24;85,45;6,06;3,93;93,99;21,6;3,69;678959;99,94;5,1;2,9;163851;109328;2,42;3,61;8375041;49,81;4,83;7,5;0,81;20,1;10,32;4125006;3,01;2;16132;50,19;50
Italy;Europe;0,5;0,4;0,6;0,849;0,768;0,673;0,774;0,781;2,856;1,773;2,833;5,948;1,25114;1,19777;0,95446;0,26236;0,22823;2,90E-02;2,1;-0,3;86;84,1;1,3;82;59037474;301336;195,9191;0,9966;0,74;36,3;3,88;56,55;975;3,86;90,64;4,1;11,1;79,02;23,3;9,09;17479118;99,89;10,6;6,1;2734162;1622772;5,58;8,92;42249963;48,7;6,38;29,26;-2,17;7;5,5;25907430;7,97;-0,73;21615;51,3;11
Jamaica;Americas;52,1;9,3;95,6;0,8;0,693;0,525;0,639;0,664;259;131;84;5,709;0,81038;1,15102;0,68741;0,50442;0,2123;0,02299;11,3;-0,1;72,7;70,6;1,3;68,5;2827377;10991;257,2447;0,9999;4,00E-02;28,6;33,95;39,31;512;11,73;79,3;5,16;6,38;0;9,7;3,84;1238482;86,63;7,48;3,2;16936;12164;0,87;1,2;1575291;49,64;3,98;44,02;-0,64;11,99;8,97;1487233;3,6;0,63;-11329;50,36;
Japan;Asia;0,2;0,2;0,2;0,838;0,739;0,537;0,753;0,762;6,638;3,551;3,67;5,987;1,27074;1,25712;0,99111;0,49615;0,10705;0,1806;1,7;-0,5;87,8;84,8;1,3;81,8;123951692;377930;327,9753;0,9947;1,55;9,7;2,81;70,51;1308;4,91;84,79;3,16;2,17;98,98;20,5;2,5;10513072;99,95;11,2;13;7732333;4402272;7,15;11,88;116119928;48,62;9,04;8,3;-1,12;7;10,3;69045531;6,68;-5,00E-02;183953;51,38;1
Jordan;Asia;1;0,6;1,4;0,259;0,255;0,119;0,209;0,209;;;;5,192;0,90198;1,05392;0,69639;0,40661;0,11053;0,14293;12,4;0,5;76,7;74,2;2,8;72,1;11285869;89342;126,3221;1,0123;0,14;12,3;26,58;58,71;2250;10,38;79,61;2,99;24,01;82,06;34,6;15,37;941163;97,22;3,15;5,5;32318;22544;0,41;0,63;9757520;51,93;3,87;8,8;-0,26;22,6;10,01;2791809;0,31;2,5;28963;48,07;9
Kazakhstan;Asia;;;;0,257;0,127;0,094;0,133;0,205;1,196;1,209;470;5,855;1,12254;1,12241;0,64368;0,51649;0,11827;8,45E-02;8,5;1,1;73;69,5;3;65,8;19397998;2724900;7,1188;1,0105;0,24;27,4;22,06;57,65;2459;8,2;86,68;2,86;5,28;0;23,5;4,31;7860906;97,87;7,19;68;172173;67758;0,76;1,79;10652767;48,02;1,67;42,46;1,03;21,73;5,12;9226063;4,52;1,48;-37080;51,98;3
Kenya;Africa;5,3;2,6;8;0,483;0,403;0,325;0,42;0,316;8,169;2,168;;4,419;0,36471;0,99876;0,41435;0,42215;0,37542;5,84E-02;28;2;64,7;62,1;3,3;59,6;54027487;580367;93,0919;1,0193;0,68;21,4;69,58;73,29;28930;10,85;40,86;4,58;5,25;30,56;11,5;4,77;36936235;35,3;7,29;267;180333;91972;0,36;0,7;14015215;49,6;2,01;72,49;1,32;28,46;48,29;22775099;2,87;3,73;-61946;50,4;65
Kiribati;Oceania;;;;;;;;;16;7;;;;;;;;;37,4;1,8;69,4;67,7;3,3;65,7;131232;811;161,815;1,0183;0;6,7;43,12;65,95;51;5,57;72,81;13,57;0;24,17;41,7;0;56113;44;6,25;436;287;110;0,18;0,45;68128;48,61;9,37;45,16;-0,1;28,06;21,62;0;0,76;3,04;-691;51,39;
Republic of Korea;Asia;;;;0,863;0,788;0,596;0,796;0,754;;;;5,984;1,24461;0,95774;0,96538;0,33208;0,18557;7,86E-02;;;;;;;51815810;100210;517,0722;0,9997;0,65;;2,39;37,97;525;9,26;77,91;4,68;3,58;99,19;21,4;3,87;9612727;99,85;5,7;58;1259447;589755;2,28;4,86;42152095;49,99;4,85;18,57;0,5;5,9;12,83;28808833;8,19;0,31;110799;50,01;1
Kosovo;;2;0,4;3,6;0,612;0,445;0,355;0,427;0,427;;;;5,589;0,80148;0,81198;0,63132;0,24749;0,2831;4,74E-02;;;;;;;;;;;;;8,11;48,45;0;0;0;0;0;0;0;0;0;0;5,56;0;21526;13907;1,56;2,4;0;49,87;0;0;0;11,44;0;0;0;0;-33469;50,13;8
Kuwait;Asia;;;;0,317;0,29;9,20E-02;0,248;0,243;264;;;6,295;1,55422;1,16594;0,72492;0,55499;0,16228;0,25609;6,7;1;82,8;80,3;2,1;78,9;4268873;17818;239,5821;1,0044;5,00E-02;1,6;6;32,21;301;13,55;79,37;0;5,84;100;17,9;0,97;0;100;2,19;20;7537;8563;0,31;0,44;4441100;61,66;4,72;0;0;12,44;7,09;2567847;0;2,83;9088;38,34;2
Kyrgyzstan;Asia;;;;0,413;0,257;0,224;0,296;0,24;451;472;171;5,286;0,47428;1,15115;0,65088;0,43477;0,3003;4,23E-02;13,1;1,6;74,9;70,5;2,9;66,2;6630623;199951;33,1612;1,0158;8,00E-02;20,5;38,36;61,97;1124;7,97;81,59;5,37;4,5;92,34;27,6;4,09;4093812;97,78;5,2;110;33155;17009;0,54;1,01;2362388;49,1;2,31;63,41;1,71;26,9;10,44;2559835;4,95;2,75;-34270;50,9;4
Lao People's Democratic Republic;Asia;;;;0,135;9,90E-02;0,125;6,60E-02;0,125;;;;4,876;0,59066;0,73803;0,54909;0,59591;0,42192;0,24249;;;;;;;7529475;236800;31,7968;1,0141;9,00E-02;;76,16;56,05;2772;9,02;65,34;2,12;2,77;61,06;32,5;3,71;4641317;78,95;6,5;155;26176;19570;0,54;0,73;2570736;50,42;0,96;64,36;0,5;22,79;25,64;2930353;11,52;3,31;-10303;49,58;4
Latvia;Europe;3;3,6;2,4;0,824;0,735;0,587;0,674;0,698;117;55;62;5,098;1,11312;1,09562;0,72437;0,29671;0,18226;6,33E-02;2,8;-1,1;80,1;75,9;1,6;71,5;1850651;64559;28,666;0,9876;0,02;27;12,36;57,89;65;4,97;91,99;4,42;5,42;83,61;37,2;7,19;608174;92,41;14,5;24;86543;29733;3,37;8,4;1305648;46,15;3,96;31,78;-0,95;9,8;3,04;988868;13,09;-0,58;-7903;53,85;
Lebanon;Asia;;;;0,437;0,265;0,25;0,333;0,263;491;205;177;4,839;1,02564;0,80001;0,83947;0,33916;0,21854;0,04582;6,2;-2,3;76,6;74,4;2,1;72,2;5489739;10452;525,2334;0,9816;7,00E-02;4,7;20,9;57,79;566;5,9;88,55;2,6;14,32;26,19;38,4;9,92;650002;99,07;5,18;15;69109;38360;1,36;2,33;5131905;48,67;3,54;11,24;-4,34;15,82;5,55;2045681;1,48;-2,69;-237572;51,33;41
Lesotho;Africa;;;;0,625;0,505;0,392;0,473;0,497;362;93;40;4,898;0,37545;1,04103;7,61E-02;0,31767;0,16388;0,12504;69;1;55,9;53;3;50,3;2305825;30355;75,962;1,0107;3,00E-02;24,4;91,19;62,82;1667;12,73;45,08;7,19;19,06;45,82;24,4;15,07;1589485;48,43;13,01;654;10946;5362;0,49;0,97;636217;49,33;5,02;71,42;0,65;26,84;42,19;945597;4,54;2,77;-2989;50,67;
Liberia;Africa;;;;0,634;0,461;0,35;0,432;0,412;684;142;85;4,571;7,12E-02;0,78968;0,34201;0,28531;0,24362;0,06232;57,3;2,1;62,4;61,1;4;59,8;5302681;111369;47,6136;1,021;7,00E-02;11;128,6;82,57;3841;9,91;31,66;2,49;2,36;0;8,4;3,62;2412132;20,76;8,66;308;11294;9108;0,37;0,45;2573157;49,74;1,36;48,38;0,99;32,18;58,43;2223648;3,64;2,85;-19697;50,26;
Libya;Africa;;;;0,271;0,144;0,178;0,239;0,162;;;;5,754;1,13145;1,11862;0,7038;0,41668;0,18295;0,11023;9,1;1,1;74,8;72,2;2,4;69,7;6812341;1759540;3,8717;1,0114;9,00E-02;16,5;7,05;53,16;881;14,56;75,05;0;25,56;23,83;0;16,31;1288001;92,11;5,45;59;32422;22860;0,69;1;5281087;50,68;0;19,61;-7,00E-02;18,73;10,39;2192471;0,01;1,76;-1352;49,32;422
Liechtenstein;Europe;5,1;5,1;5,2;;;;;;2;2;2;;;;;;;;5;0,7;86,1;84,7;1,5;83;39327;160;245,7937;1,0074;0;28;3,15;48,79;0;0;0;0;0;96,22;0;0;32952;99,95;6,8;0;906;549;2,87;4,67;5530;49,64;0;85,63;0,75;9,2;0;0;0;1,02;178;50,36;
Lithuania;Europe;2,6;1,5;3,8;0,797;0,738;0,587;0,648;0,689;108;183;81;5,833;1,14723;1,25745;0,73128;0,21342;2,64E-02;0,01031;2,8;-1,4;79,1;74,3;1,6;69,5;2750055;65300;42,1142;0,9869;3,00E-02;28,4;10,59;54,21;79;5,43;91,15;3,97;5,49;93,76;32,3;7,02;898175;93,77;13,7;41;122949;46553;3,56;8,26;1895962;46,75;4,56;32,15;-0,81;9,8;3,41;1475085;11,79;0;-13398;53,25;
Luxembourg;Europe;0,6;;;0,881;0,794;0,627;0,839;0,821;36;22;25;6,946;1,56391;1,21963;0,91894;0,61583;0,28034;0,37798;3,1;1,1;84,8;82,6;1,4;80,4;647599;2586;250,425;1,0129;0,01;33,3;4,31;43,82;23;6,05;88,6;3,74;5,52;94,81;21,6;5,64;54417;97,59;6,9;8,9;15400;9168;2,94;5;565584;50,3;4,67;8,78;-0,76;10;5,36;315771;11,53;2,23;10365;49,7;
Madagascar;Africa;;;;0,497;0,26;0,295;0,281;0,218;4,764;1,163;374;3,681;0,20824;0,66801;0,46721;0,19184;0,21333;8,12E-02;32,6;2,4;67,6;65,2;3,8;63;29611714;587041;50,4423;1,0241;0,37;18,5;123,26;76,1;16588;9,52;45,03;3,01;1,88;11,05;28,4;1,81;17108814;13,17;6,52;233;62983;48874;0,35;0,46;10424320;50,14;1,22;62,14;1,45;31,7;45,46;14122746;1,02;4,31;-1487;49,86;1
Malawi;Africa;;;;0,619;0,536;0,412;0,505;0,374;4,205;795;167;4,292;1,60E-02;0,41134;0,22562;0,43054;0,33128;6,98E-02;27,5;2,5;66,3;62,9;3,8;59,6;20405317;118484;172,22;1,0259;0,26;22,9;121,41;89,24;10585;10,16;40,19;0;5,77;40,02;11,3;4,11;15627061;42,8;6,61;146;79203;36887;0,4;0,82;3240276;48,59;1,67;82,83;2,4;33,6;49,65;7086643;3,24;4,07;-2228;51,41;
Malaysia;Asia;0,7;;;0,414;0,29;0,255;0,301;0,316;3,108;1,433;1,369;5,77;1,12486;1,07023;0,72394;0,53024;0,33075;0,10501;5,9;1,1;78,8;76,3;1,8;74;33938221;330803;102,5934;1,0109;0,43;15;9,35;43,64;2729;8,42;73,44;3,98;3,4;83,78;22,8;3,17;7673844;95,88;5,25;92;186932;143974;0,86;1,17;25130176;51,2;2,01;23,39;-1,17;15,58;18,14;16435372;0,76;1,99;60824;48,8;19
Maldives;Asia;;;;0,597;0,441;0,335;0,443;0,416;42;18;;;;;;;;;6;-0,4;81,8;80,8;1,7;80,1;523787;300;1745,9567;1,0045;0,01;4,6;8,02;35,4;39;6,66;85,18;4,21;3,78;0;25,9;4,84;301504;98,27;2,86;36;2165;2756;0,95;1,02;203004;57,8;6;59,76;2,25;15;8,16;250805;1,43;4,04;6690;42,2;1
Mali;Africa;;;;0,246;0,161;0,177;0,241;0,183;2,227;632;314;3,995;0,26074;1,03526;0,20583;0,38857;0,18798;0,12352;53,3;3,1;60,8;59,4;5,9;58,1;22593590;1240192;18,2178;1,0314;0,28;26,5;153,83;101,35;21352;9,42;30,32;3,56;1,56;14,38;8,6;1,66;11695460;44,8;9,2;52;27635;21836;0,21;0,27;8871964;50,51;1,31;56,86;1,76;42,38;60,25;7412716;4,35;4,95;-44428;49,49;99
Malta;Europe;0,4;0;0,7;0,779;0,64;0,56;0,632;0,688;25;13;17;6,302;1,2074;1,30203;0,88721;0,60365;0,51752;0,13586;5,3;0,3;85,7;83,7;1,2;81,6;533286;316;1687,6139;1,0124;0,01;13,4;11,38;47,32;13;3,25;89,75;4,94;4,02;88,18;24,5;3,36;26826;99,96;7,3;22;13943;8589;3,31;5,71;477236;51,55;5,78;5,32;2,7;8,6;7;265572;8,52;4;11247;48,45;
Marshall Islands;Oceania;;;;;;;;;8;4;1;;;;;;;;24,5;1;67,1;65,1;2,7;63,5;41569;181;229,663;0,9886;0;6,1;63,64;62,68;11;0;0;9,92;0;0;28,4;0;10101;81,33;7,29;483;79;39;0,17;0,36;34627;51,14;6,81;22,58;-4,47;20,74;0;0;0;-2,28;-1901;48,86;
Mauritania;Africa;;;;0,388;0,167;0,257;0,302;0,125;633;135;52;4,436;0,45407;0,86908;0,35874;0,24232;0,219;0,17461;43,6;2,6;66,4;64,7;4,3;63;4736139;1030700;4,5951;1,0263;6,00E-02;20,3;79,49;85,4;2583;10,22;37,06;1,78;11,6;0;11,1;9,8;1994344;49,59;7;89;12182;10230;0,48;0,54;2389505;48,93;1,24;45,49;0,8;33,72;52,71;1029009;0;4,16;-3018;51,07;
Mauritius;Africa;2,6;1,8;3,4;0,546;0,435;0,352;0,475;0,426;102;64;65;5,477;1,00761;0,98521;0,7095;0,56066;0,37744;7,52E-02;13,4;0,1;77,1;74;1,4;71;1299469;2040;636,9946;1,0004;0,02;20;24,31;40,42;138;4,35;88,38;4,54;9,72;0;20,5;4,12;749894;0;8,8;12;16270;8964;1,43;2,54;516091;49,41;2,92;59,23;8,00E-02;10,2;7,26;616374;7,52;-3,00E-02;-1034;50,59;
Mexico;Americas;28,2;6,2;50,5;0,617;0,371;0,381;0,379;0,331;14,398;8,66;4,813;7,187;1,02054;0,91451;0,81444;0,48181;0,14074;0,21312;10,9;0,8;78,2;74,8;1,8;71,5;127504125;1964375;64,9082;1,0063;1,6;50;58,39;50,65;13446;10,5;80,41;0;3,52;55,05;13,4;3,46;24461683;90,78;6,93;23;1233595;943780;1,54;1,93;100623628;48,92;2,68;19,56;-0,6;15,71;9,09;56818605;5,72;1,22;-47764;51,08;5
Micronesia;Oceania;3,7;;;;;;;;14;4;;;;;;;;;22;1;75,7;72,7;2,8;69,8;114164;702;162,6268;1,0091;0;7,1;37,01;58,26;28;7,81;79,48;10,23;0;0;0;0;85971;90,45;5,73;102;416;204;0,36;0,75;25408;50,34;3,2;77,19;0,26;21,06;12,71;0;2,12;0,89;-1283;49,66;
Republic of Moldova;Europe;;;;0,745;0,616;0,515;0,6;0,573;;;;5,889;0,59448;1,01528;0,61826;0,32818;0,20951;1,62E-02;;;;;;;3272996;33846;96,7026;1,0691;4,00E-02;;28,98;48,1;291;6,05;89,48;6,23;4,35;0;28,7;5,8;1525908;82,99;13,09;80;44186;16337;1,29;3,16;1138316;47,53;3,8;57,27;-1,77;12,89;4,47;906622;11,36;-1,37;-28328;52,47;1
Monaco;Europe;;;;;;;;;2;2;1;;;;;;;;3,6;-0,5;88,9;86,9;2,1;85,1;36469;2;18234,5;0,9941;0;33,3;7,15;92,55;1;0;0;1,16;0;100;0;0;0;100;0;0;3466;2695;14,85;18,35;37034;49;1,3;0;0;0;0;0;0;0,01;416;51,01;
Mongolia;Asia;6,2;2,5;9,8;0,626;0,491;0,334;0,47;0,431;251;;123;4,874;0,82819;1,3006;0,60268;0,43626;0,3323;0,02666;8,8;1,5;77,4;72,7;2,8;68,1;3398366;1564110;2,1727;1,0151;4,00E-02;17,1;31,08;55,94;348;10,97;82,72;3,65;4,89;63,94;29,6;5,9;1016826;67,79;5,5;428;14719;7546;0,47;0,91;2215604;49,69;2,47;31,46;1,83;23,29;6,31;1388801;7,93;2,28;10664;50,31;
Montenegro;Europe;2,4;0,6;4,2;0,507;0,41;0,305;0,423;0,411;38;31;29;5,192;0,97438;0,90557;0,72521;0,1826;0,1614;0,14296;1,2;-0,1;80,3;76,8;1,7;73,5;627082;13812;45,4012;0,9988;0,01;27,2;10,89;51,08;27;4,48;94,11;0;15,68;51,73;31,8;14,67;204336;97,5;10,6;15;15089;7426;2,45;4,73;417692;48,76;5,07;32,85;-1,05;11,6;1,41;292048;10,34;0,47;-1636;51,24;
Morocco;Africa;1,9;0,5;3,3;0,264;0,24;0,162;0,256;0,209;4,039;1,667;;5,013;0,73479;0,64095;0,60954;0,41691;7,17E-02;8,55E-02;14,4;1;77,2;75;2,3;72,9;37457971;446550;83,883;1,0103;0,47;24,1;27,05;51,92;9313;6,9;84,19;5;10,83;60,06;14,9;8,7;13434809;86,33;5,66;97;192593;136853;0,75;1,07;22869599;50,36;2,18;37,01;-0,41;18,34;8,91;11992891;0,49;1,91;-91959;49,64;
Mozambique;Africa;;;;0,357;0,237;0,24;0,249;0,234;5,902;805;268;4,971;8,31E-02;1,02626;9,13E-02;0,34037;0,22269;0,15603;52,8;2,7;62,7;59,6;4,6;56,5;32969517;801590;41,1302;1,0278;0,41;42,4;168,86;87,47;20281;9,4;36,16;6,29;3,73;0;14,8;3,18;19222873;33,35;8,04;361;47945;31244;0,21;0,31;11062722;49,04;1,84;63,47;2,04;37,34;54,44;13355546;2,03;4,38;-17639;50,96;79
Myanmar;Asia;28,4;7,3;49,8;0,107;5,00E-02;9,90E-02;6,40E-02;6,60E-02;;;;4,307;0,27108;0,70905;0,48246;0,44017;0,79588;0,19034;32,7;0,7;70,5;67,3;2,1;64,2;54179306;676578;80,0784;1,0071;0,68;15,3;33,1;46,3;14184;7,26;71,14;2,14;0,48;60,77;45,1;0,37;36676246;73,17;8,69;322;269853;154319;0,58;1,01;16363966;49,82;0,74;69,15;0,31;17,66;21,6;23943305;2,12;1,6;-100810;50,18;74
Namibia;Africa;12,4;6,8;18,5;0,638;0,513;0,383;0,47;0,344;447;153;;;;;;;;;29,8;1,4;61,7;58,1;3,2;54,6;2567012;825615;3,1092;1,0146;3,00E-02;44,2;66,94;67,23;1254;11,81;43,04;9,32;18,75;0;15,5;21,22;1197828;34,96;8,25;486;10726;4373;0,37;0,85;1248816;48,29;4;48,96;-0,35;28,43;45,15;918680;5,93;3,69;-8596;51,71;
Nauru;Oceania;;;;;;;;;2;;;;;;;;;;15,3;0,9;67,8;64;3,5;60,5;12668;21;603,2381;1,0125;0;10,5;75,82;69,49;4;0;0;6,22;0;0;49,2;0;0;65,93;6,48;161;11;8;0,14;0,18;12132;50,91;10,91;0;0;29,12;0;0;2,94;1,73;-107;49,09;
Nepal;Asia;;;;0,605;0,478;0,39;0,349;0,383;4,335;1,835;1,341;4,514;0,35997;0,86449;0,56874;0,38282;0,32296;5,91E-02;20,3;1,2;72,4;70,5;2;68,6;30547580;147181;207,5511;1,0171;0,38;33,6;66,24;58,18;10176;8,72;66,46;3,49;12,01;45,98;31,5;9,73;23021883;72,88;6,87;238;122722;85023;0,62;0,81;5810613;47,53;1,1;79,85;0,62;20,87;24,82;8017497;1,36;3,21;-70597;52,47;43
Netherlands;Europe;0,7;0,4;0,9;0,863;0,81;0,589;0,814;0,783;1,208;816;797;7,378;1,32944;1,28017;0,89284;0,61576;0,4761;0,31814;3;0,3;83,9;82,5;1,6;80,9;17564014;41850;419,6897;1,0036;0,22;40,7;2,55;54,01;370;5,76;88,23;5,16;3,36;97,5;22,6;3,4;1409098;97,69;8,8;4,9;495503;314465;3,65;5,68;15935776;49,67;6,68;8,12;-3,99;9,8;6;9466453;9,3;1,08;60266;50,33;6
New Zealand;Oceania;;;;0,883;0,827;0,679;0,75;0,783;368;242;245;7,286;1,25018;1,31967;0,90837;0,63938;0,47501;0,42922;3,5;0,8;84,7;83;1,8;81,3;5185288;270467;19,1716;1,0108;7,00E-02;49,2;13,62;52,85;169;6,04;89,6;5,17;4,43;87,96;14,2;3,82;666466;100;6,87;7,2;104755;74239;3,02;4,16;4312734;49,44;7,13;13,38;1,02;11,96;4,35;2834605;9,89;1,68;103392;50,56;1
Nicaragua;Americas;11;3,1;19,1;0,201;3,70E-02;0,121;3,20E-02;0,094;854;;;5,828;0,59325;1,14184;0,74314;0,55475;0,27815;0,19317;12,3;1,4;77,6;74,6;2,3;71,6;6948392;130373;53,2962;1,0143;9,00E-02;50,6;88,62;55,45;1469;8,91;81,64;4,6;5,29;0;0;5,15;2748202;72,97;4,63;43;33776;20726;0,63;1;3915722;49,29;5,27;41,24;0,81;21,3;9,45;2999937;4,17;1,79;-19733;50,71;
Niger;Africa;;;;0,528;0,398;0,338;0,493;0,358;2,445;482;114;3,845;6,94E-02;0,77265;0,29707;0,47692;0,19387;0,15639;40,1;3,7;63,4;62,1;6,7;60,8;26207977;1267000;20,6851;1,0378;0,33;25,9;175,48;105,86;23673;10,47;30,35;3,53;0,47;7,39;7,6;0,61;19571248;14,79;7,82;84;30167;19933;0,17;0,26;3872145;50,72;2,02;83,48;3,66;45,86;59,17;8787355;0,13;4,32;-15787;49,28;25
Nigeria;Africa;;;;0,493;0,329;0,331;0,315;0,266;25,443;6,18;4,936;5,268;0,65435;0,90432;0,16007;0,34334;0,27233;4,03E-02;71,9;2,4;54;53,6;5,1;53,3;218541212;923768;236,5759;1,0241;2,74;3,6;102,81;87,68;180055;7,66;27,13;0;4,89;29,96;3,9;5,45;99300013;43,28;12,99;219;356089;302823;0,29;0,35;104004479;50,51;0,47;48,84;0,8;37,85;65,21;67373496;4,21;4,05;-103989;49,49;533
North Macedonia;Europe;;;;0,585;0,389;0,398;0,436;0,388;109;85;84;5,007;0,91851;1,00232;0,73545;0,33457;0,22359;5,33E-02;4,9;-0,5;76,2;73,9;1,4;71,7;2093599;25713;81,4218;0,9954;3,00E-02;41,7;15,81;43,84;90;2,58;96,13;0;18,56;12,19;0;16,58;867892;97,88;9,8;12;33202;19087;1,84;3,19;1208802;49,88;4,26;41,79;-0,56;9,6;1,28;965045;4,62;0,44;-987;50,12;
Norway;Europe;0,5;0,6;0,5;0,901;0,86;0,646;0,874;0,862;431;195;249;7,522;1,459;1,33095;0,88521;0,66973;0,34699;0,36503;1,9;0,7;85,1;83,4;1,5;81,7;5434319;323802;16,7828;1,0058;7,00E-02;45;2,4;53,45;122;5,6;86,72;7,86;3,39;77,84;17,1;3,95;929678;98,05;7,6;3,3;139332;88950;3,3;5,25;4418218;50,41;9,03;17,38;-1,42;10,2;7,68;2825244;6,8;1,12;25564;49,59;
Oman;Asia;0,2;0,2;0,3;0,172;0,138;0,124;0,062;0,185;351;149;138;6,853;1,36011;1,08182;0,76276;0,63274;0,21542;0,32524;8,6;1,4;76;73,9;2,6;72,4;4576298;309500;14,7861;1,0123;6,00E-02;2,3;11,32;36,47;513;10,45;79,79;0;7,64;0;7,9;0,89;670025;99,32;2,2;9,2;10242;8661;0,3;0,61;3932743;63,54;3,84;14,56;-5,99;19,3;9,76;2441558;0,88;1,1;-106864;36,46;
Pakistan;Asia;4;;;0,404;0,266;0,264;0,317;0,182;19,847;6,582;5,496;5,194;0,59543;0,41411;0,51466;0,12102;0,33671;0,10464;51,8;2;68,9;66,4;3,4;64,1;235824862;881912;267,4018;1,0191;2,96;20,5;43,89;71,51;210343;7;59,86;2,21;6,26;0;20,8;4,41;140882429;65,39;6,76;263;620932;502224;0,44;0,56;82410851;50,61;0,94;63,09;1,23;28,28;33,15;71922561;0,1;2,26;-1177218;49,39;864
Palau;Oceania;;;;;;;;;;;;;;;;;;;14,6;0;69,3;65,4;2,4;62,2;18055;459;39,3355;1,0017;0;6,3;43,56;41,95;2;0;0;0;0;0;17,9;0;3499;98,29;10,2;39;126;55;0,59;1,48;14417;52,35;7,09;19,53;-2,43;11,2;0;0;0;0,96;8;47,65;
Panama;Americas;12,7;2;23,4;0,738;0,552;0,444;0,566;0,45;418;195;122;6,786;1,06353;1,1985;0,79661;0,5421;0,24434;9,27E-02;12,7;1,3;80,1;76,8;2,3;73,7;4408581;75417;58,4561;1,0132;6,00E-02;22,5;71,79;54,13;604;8,77;77,86;3,09;8,02;0;5,3;5,14;1351913;83,38;5,12;37;44176;31343;1,48;2,09;2880619;50,05;4,8;31,94;0,51;18,23;13,37;2041466;6,6;2,12;10623;49,95;1
Papua New Guinea;Oceania;;;;0,434;0,342;0,267;0,262;0,239;;;;;;;;;;;33,8;1,9;69,2;66;3,2;63,4;10142619;462840;21,9139;1,0194;0,13;0;57,1;61,86;3854;7,37;62,35;0;1,49;0;39,9;3,28;8278107;19,15;6,47;432;14718;14535;0,29;0,32;1264379;51,73;1,36;86,75;2,17;26,37;30,27;2929298;1,7;2,87;22977;48,27;
Paraguay;Americas;7,8;1,9;13,7;0,581;0,43;0,358;0,35;0,253;727;;253;5,878;0,75985;1,30477;0,66098;0,53899;0,3424;8,24E-02;16,4;1,1;73,6;70,5;2,4;67,6;6780744;406752;16,6705;1,0115;9,00E-02;17,5;72,45;54,96;1464;11,11;74,94;3,49;8,3;53,88;12,1;5,37;2489311;91,72;5,64;46;44465;30230;0,92;1,37;4040715;50,24;3,32;38,12;0,57;21,28;13,95;3336159;5,6;1,81;-16270;49,76;15
Peru;Americas;;;;0,771;0,661;0,546;0,577;0,5;3,513;1,686;996;5,824;0,90019;0,97459;0,73017;0,41496;0,14982;5,99E-02;9,7;0,8;75,5;73,4;2,2;71,3;34049588;1285216;26,4933;1,0099;0,43;40;58,81;54,32;4099;9,88;72,59;3,82;3,74;50,17;8,7;3,08;7188973;76,71;6,01;119;302926;237678;1,46;1,83;25635888;49,56;3,28;21,9;1,04;18,04;17,54;18527166;7,45;2,16;136558;50,44;3
Philippines;Asia;;;;0,436;0,28;0,289;0,376;0,187;14,453;5,696;1,624;5,073;0,70532;1,03516;0,58114;0,62545;0,24991;0,12279;21,6;1,5;74,2;72,2;2,7;70,2;115559009;342353;337,5434;1,0147;1,45;27,7;49,62;57,1;25992;5,97;69,75;3,36;2,53;59,72;23,4;2,05;58337359;81,25;5,61;554;515990;282525;0,5;0,95;52043445;50,74;1,69;52,85;1,2;22,25;24,28;45091808;6,18;2,17;-24066;49,26;632
Poland;Europe;0,7;0,4;1;0,583;0,425;0,364;0,376;0,496;;1,117;1,432;5,791;1,12555;1,27948;0,77903;0,53122;0,16759;4,21E-02;3,4;8,1;80,8;77;1,5;73,2;39857145;312679;127,4698;1,0404;0,5;28,3;9,86;49,53;913;4,24;89,91;4,68;3,6;97,75;24,7;3,02;15172143;98,96;10,8;15;1138459;513704;2,8;5,81;22793332;48,39;4,6;39,96;3,00E-02;9,9;5,85;18327422;11,63;-6,00E-02;-2974;51,61;2
Portugal;Europe;0,8;;;0,888;0,813;0,617;0,79;0,766;657;385;394;5,102;1,15991;1,13935;0,87519;0,51469;0,13719;0,01078;2,4;-0,2;84,9;82,2;1,4;79,3;10270865;92090;111,5307;0,9981;0,13;40;7,8;55,4;206;4,79;86,69;4,63;7,14;91,32;25,3;5,79;3521605;99,65;10,9;19;430841;241294;4,97;7,93;6764658;47,21;5,78;34,24;-1,58;8,4;8,52;5264058;10,45;0,87;43656;52,79;
Qatar;Asia;0,3;0,5;0,3;9,00E-02;8,60E-02;0,023;0,104;0,103;130;52;44;6,611;1,69042;1,0786;0,79733;0,6404;0,32573;0,52208;5;0,8;83,1;81,6;1,8;80,6;2695122;11586;232,6189;1,0026;3,00E-02;4,4;7,55;18,71;92;18,16;76,89;2,8;0,27;97,35;12;7,00E-02;22795;99,94;0,99;35;1808;2214;0,11;0,24;2784440;73,24;2,72;0,81;-4,87;10,74;4,95;2095831;1,15;1,51;15493;26,76;
Romania;Europe;1,3;0,8;1,8;0,768;0,611;0,583;0,553;0,548;947;785;778;5,124;1,04345;0,88588;0,7689;0,35068;0,13748;6,49E-03;5,4;4;77,6;74,1;1,7;70,7;19659267;238391;82,4665;1,0171;0,25;19,1;37,09;52,29;632;3,64;91,04;3,57;3,38;82,11;28,4;4,31;8894686;86,54;13,4;65;583927;300761;3,21;5,84;10476962;48,41;4,6;45,92;-0,71;10,3;5,33;8972261;16,99;-0,37;-25453;51,59;
Russian Federation;Europe;;;;0,252;0,102;0,164;0,117;0,19;;;;5,716;1,13764;1,23617;0,66926;0,36679;0,00199;0,03005;;;;;;;144713314;17098242;8,4636;0,9973;1,81;;14,95;48,3;5592;6,79;89,31;3,51;4,34;60,76;27,1;4,66;36697963;88,71;12,3;50;4042245;1323698;1,97;5,23;107708298;46,45;3,45;25,41;-0,65;10,1;3,9;73598523;10,42;0,16;333509;53,55;55
Rwanda;Africa;;;;0,235;0,119;0,175;0,219;0,21;2,451;336;231;3,465;0,22208;0,7737;0,42864;0,59201;0,22628;0,55191;28,3;2,3;69,2;67,1;3,7;64,8;13776698;26338;523,0731;1,0234;0,17;61,3;32,7;74,86;6929;11,43;50,39;3,24;13,52;0;14,1;11,51;10612900;71,21;6,14;57;38467;22142;0,35;0,59;2222128;48,82;2,5;82,69;2,27;30,78;38,18;4085693;1,88;2,98;-11823;51,18;1
Samoa;Oceania;;;;;;;;;32;9;17;;;;;;;;15,1;1,5;75,3;72,6;3,9;70,1;222382;2842;78,2484;1,0165;0;7,8;45,2;75,45;47;7,88;81,75;4,4;13,95;44,54;25,9;6,25;173643;96,84;5,5;9,8;1098;598;0,55;1,06;38262;51,04;4,62;81,94;1,27;27,9;10,37;70843;2,39;0,02;-2469;48,96;
San Marino;Europe;;;;;;;;;;;;;;;;;;;2,4;-0,1;84,7;83,4;1,1;82;33660;61;551,8033;0,9975;0;33,3;3,49;49,4;0;0;0;3,38;0;90,19;0;0;900;100;7,2;0;1165;776;4,66;6,65;33278;48,72;7,39;2,63;-5,09;6,7;0;0;0;0,21;148;51,28;
Sao Tome and Principe;Africa;;;;0,69;0,584;0,433;0,526;0,494;36;15;7;;;;;;;;12,6;2;71,9;68,8;3,8;66,1;227380;964;235,8714;1,0192;0;23,6;82,12;81,5;58;11,41;57,63;5,9;20,27;32;5,8;10,72;56658;45,12;5,88;114;995;594;0,55;0,93;157941;49,92;2,37;26,4;-1,44;28,92;30,95;68314;5,01;2,61;-1718;50,08;
Saudi Arabia;Asia;;;;0,016;4,40E-02;0,02;6,00E-02;0,112;3,494;1,637;1,683;6,411;1,39541;1,08393;0,72025;0,31048;0,13706;0,32524;5,5;1,5;79,5;77,9;2,4;76,7;36408820;2149690;16,9368;1,0128;0,46;19,9;12,03;39,43;2938;19,46;73,41;0;21,38;79,82;14,2;2,51;5709090;95,32;2,66;9,4;74836;81611;0,39;0,5;30118272;58,16;0;15,94;0,91;18,45;7,13;15485557;0;2,55;241172;41,84;124
Senegal;Africa;;;;0,718;0,566;0,399;0,587;0,54;1,977;806;330;3,904;0,36498;0,97619;0,4354;0,36772;0,20843;0,10713;21;2,5;70,2;67,9;4,3;65,5;17316449;196722;88,025;1,0261;0,22;42,7;68,49;83,51;10785;11,34;44,91;5,45;3,04;14,44;7,1;2,74;8375929;57,05;5,41;117;37240;23921;0,3;0,46;7624852;49,13;1,06;52,35;1,82;33,47;43,75;4679043;0,41;3,67;-19973;50,87;
Serbia;Europe;1,1;0,7;1,4;0,348;0,243;0,234;0,198;0,306;279;290;263;5,123;0,92053;1,00964;0,74836;0,20107;0,19231;2,62E-02;4,4;-1,1;77;74,1;1,5;71,3;7221365;88361;81,7257;0,9897;9,00E-02;40;13,81;52,92;331;2,37;94,92;3,62;11,06;26,11;40,1;9,84;3037846;97,9;14,6;14;218833;108881;3,27;6,05;3907389;47,95;5,06;43,74;-0,92;9,3;2,71;3272110;7,89;-0,24;489;52,05;
Seychelles;Africa;4,7;;;0,714;0,64;0,3;0,64;0,582;9;4;3;;;;;;;;11,4;0,4;76;71,7;2,3;68,2;107118;452;236,9867;1,0061;0;22,9;55,74;44,35;16;7,53;78,98;4,05;0;0;20,6;0;41863;100;8,1;15;1132;398;0,77;2,45;55762;52,62;3,54;42,88;-0,11;16,4;13,49;0;11,99;1,64;305;47,38;
Sierra Leone;Africa;;;;0,556;0,426;0,374;0,514;0,403;1,36;289;160;4,507;0,33024;0,95571;0;0,4084;0,21488;8,79E-02;70;2,1;61,7;60,4;3,9;59,1;8605718;71740;119,957;1,022;0,11;12,3;106,73;76,42;6323;9,25;34,07;7,45;2,16;13,34;14,3;4,15;4628214;20,1;9,06;295;16639;11496;0,29;0,41;3418614;50,09;1,24;57,52;1,59;32,55;56,68;2590562;0,26;3,35;-2238;49,91;1
Singapore;Asia;0,1;0,1;0,1;0,433;0,345;0,124;0,368;0,366;239;;;6,798;1,52186;1,02;1,02525;0,54252;0,31105;0,4921;1,7;0,7;86,3;84,1;1;82;5975689;710;8416,4634;1,0058;7,00E-02;29,1;2,51;32,28;82;4,27;75,02;2,73;3,33;100;16,6;2,94;0;100;5;41;77987;47096;1,58;2,86;5703569;52,27;2,28;0;0;8,8;20,71;3527441;1,87;1,14;40624;47,73;
Slovakia;Europe;1;0,6;1,2;0,856;0,778;0,62;0,682;0,696;216;254;200;5,995;1,16891;1,26999;0,78902;0,31751;0,16893;0,03431;4,7;7,2;78,8;75,3;1,6;71,9;5643453;49037;115,0856;1,0359;7,00E-02;21,3;26,88;47,28;167;6,29;88,61;4,27;5,95;82,49;31,5;5,58;2523688;97,53;9,8;4,5;126537;55705;2,09;4,53;2930459;48,83;5,48;46,27;0,13;10,5;5,1;2741604;10,48;0,14;3378;51,17;1
Slovenia;Europe;0,4;0,6;0,3;0,702;0,599;0,501;0,506;0,563;116;55;89;5,848;1,18498;1,27385;0,87337;0,60855;0,25328;3,79E-02;1,4;0;84,6;82,1;1,6;79,6;2119844;20273;104,5649;1,0002;3,00E-02;28,9;4,46;53,56;50;7,36;89,99;4,9;4,96;83,46;22,3;4,01;943491;98,42;9,9;5,3;73515;36015;3,44;7,05;1144894;50,08;6,17;45,18;8,00E-02;9,3;2,65;1028559;10,98;1,21;7427;49,92;
Solomon Islands;Oceania;;;;0,622;0,475;0,37;0,354;0,348;104;32;;;;;;;;;15,6;2,2;72,4;70,7;3,9;69,3;724273;28896;25,0648;1,0232;0,01;8;61,36;76,2;200;9,77;66,83;0;0,77;0;36,8;0,72;511577;34,49;4,99;66;1644;1706;0,49;0,5;163416;51,12;3,36;75,79;1,75;30,76;23,4;341348;1,62;4,28;-1603;48,88;
Somalia;Africa;;;;0,169;0,102;9,10E-02;0,148;8,40E-02;;;;;;;;;;;66,2;3;58,2;56,1;6,2;54,1;17597511;637657;27,5971;1,0312;0,22;24,4;121,13;100,2;21021;9,1;29,88;0,27;24,38;30,62;0;16,31;8701179;38,23;11,04;258;26909;18909;0,24;0,34;7280121;50,13;0;54,45;2,57;44,56;61,02;2858312;0;4,92;48055;49,87;602
South Africa;Africa;41,9;;;0,702;0,582;0,438;0,627;0,49;7,556;2,032;3,248;4,642;0,92049;1,18468;0,27688;0,33207;0,11973;8,88E-02;28,1;0,8;64,2;61,5;2,3;58,6;59893885;1221037;49,0517;1,0084;0,75;46,7;64,98;53,13;20430;12,99;51,33;5,93;27,07;69,54;20,4;24,2;19252374;75,38;8,61;615;432784;173451;0,61;1,45;38834681;48,56;4,82;33,14;-0,21;21,28;35,68;24142655;8,77;2,05;22728;51,44;27
South Sudan;Africa;;;;0,132;5,40E-02;8,10E-02;0,123;2,60E-02;1,274;108;56;;;;;;;;60,7;1,5;57;55,6;4,3;54;10913164;619745;17,6091;1,0153;0,14;32,4;98,79;96,54;8084;10,75;27,94;0;13,15;0;0;11,19;8368685;15,75;10,53;227;17198;9251;0,18;0,33;2078981;49,46;0,77;80,1;0,15;29,06;61,3;3953250;0;1,94;2048;50,54;59
Spain;Europe;0,6;0,4;0,8;0,854;0,779;0,605;0,748;0,753;3,01;1,625;1,688;6,329;1,23011;1,31379;0,95562;0,45951;0,18227;6,40E-02;2,2;-0,1;86,5;83,9;1,3;81,2;47558630;505992;93,9909;1,0015;0,6;43;5,94;51,82;792;3,62;90,77;4,23;15,99;90,01;28,1;12,45;9160656;99,92;8,8;9,9;1801817;1061292;4,59;7,5;37974181;49,02;6,45;19,43;-0,53;7,6;5,61;23139046;10,91;1,02;458942;50,98;3
Sri Lanka;Asia;;;;0,561;0,382;0,335;0,306;0,376;1,778;1,348;;4,271;0,83524;1,01905;0,70806;0,53726;0,40828;9,18E-02;5,5;0,3;80,2;76,6;2;72,9;21832143;65610;332,7563;1,0027;0,27;5,3;15,96;52,39;1868;8,01;82,52;0;7,31;0;22,3;3,29;17750912;92,49;7,07;64;234820;112525;1,07;2,08;4052088;48,23;1,5;81,42;0,48;14,53;9,47;8666096;2,83;1,2;-94897;51,77;1
Saint Kitts and Nevis;Americas;29,4;4,1;56,5;;;;;;5;3;2;;;;;;;;7,8;0,2;75,7;72;1,5;68,7;47657;261;182,5939;1,0011;0;25;40,29;40,87;5;0;0;2,99;0;0;0;0;33017;0;9,91;4,8;565;318;1,38;2,3;14695;48,52;2,43;69,2;-0,14;12,69;0;0;6,34;-3,00E-02;-191;51,48;
Saint Lucia;Americas;39;8,8;69,7;;;;;;17;8;5;;;;;;;;11,9;0,1;74,9;71,3;1,4;68;179857;616;291,9756;1,0011;0;11,1;38,49;38,19;24;9,96;82,1;3,28;16,95;0;0;13,84;145092;83,37;8,07;3,9;1842;1082;1,22;2,05;33491;49,6;2,06;81,25;0,3;11,83;7,94;100650;9,47;0,79;0;50,4;
Saint Vincent and the Grenadines;Americas;;;;;;;;;;;;;;;;;;;;;;;;;103948;389;267,2185;0,9963;0;;49,59;49,22;18;7,79;79,1;0;18,2;0;0;19,7;49719;0;10,1;4,2;1508;1251;2,33;2,94;55205;51,12;2,87;47,39;-1,21;13,35;13,11;52973;7,16;0,45;-758;48,88;
Sudan;Africa;;;;0,169;7,40E-02;8,00E-02;5,70E-02;0,101;4,518;1,027;1,033;4,55;0,52107;1,01404;0,36878;0,10081;0,19062;0,1466;37,5;2,6;68,2;65,6;4,4;63;46874204;1886068;24,8529;1,0267;0,59;;84,67;80,07;34522;10,51;53,95;0;28,44;0;0;12,9;28128529;36,78;6,59;67;79369;60312;0,28;0,37;15103564;49,98;1;65,06;2,44;34,82;35,55;12330619;0,01;3,74;-29450;50,02;173
Suriname;Americas;5,7;2,3;9,2;0,743;0,623;0,478;0,585;0,548;72;39;15;6,269;0,99534;0,972;0,6082;0,59657;0,16991;0,13633;16,1;0,8;73,6;70,3;2,3;67,2;618040;163820;3,7727;1,0082;0,01;29,4;56,97;51,61;126;9,58;78,61;0;11,16;25,36;0;5,84;203532;89,25;7,06;29;5031;2926;0,98;1,67;396769;49,88;6,14;33,9;1;18,41;11,81;246509;6,63;1,16;203;50,12;
Sweden;Europe;1,1;0,5;1,7;0,903;0,871;0,65;0,839;0,824;792;334;510;7,364;1,33171;1,28907;0,91087;0,6598;0,36262;0,43844;1,8;0,6;85,1;83,5;1,7;81,9;10549347;450295;23,4276;1,0079;0,13;46,1;3,43;60,54;295;5,04;89,05;7,64;6,96;95,49;24,8;6,72;1263481;98,9;8,6;5,4;317743;212237;4,11;6,22;9015406;50,29;9,22;12,29;-1,21;11,1;5,92;5456623;9,3;1,33;81585;49,71;16
Switzerland;Europe;0,5;0,6;0,4;0,898;0,851;0,801;0,863;0,834;490;262;353;7,587;1,39651;1,34951;0,94143;0,66557;0,29678;0,41978;3,1;0,7;85,9;84,3;1,5;82,5;8740472;41284;211,7157;1,0056;0,11;42,5;2,18;50,59;201;5,7;89,55;5,01;4,71;99,7;25,7;4,11;2242521;99,9;7,9;5,4;277492;170961;4,02;6,42;6332759;49,6;3,62;26,15;0,51;10;4,75;4971006;10,4;0,78;43546;50,4;1
Syrian Arab Republic;Asia;;;;0,138;3,60E-02;5,30E-02;0,024;5,80E-02;;;;3,006;0,6632;0,47489;0,72193;0,15684;0,47179;0,18906;;;;;;;22125249;185180;119,4797;1,0376;0,28;;38,82;68,61;4117;14,13;75,21;0;19,74;0;0;6,21;9080189;93,96;5,03;19;84560;49693;0,49;0,84;11018062;50,12;0;45,18;2,43;18,88;10,66;5690125;0,2;5,09;500572;49,88;473
Tajikistan;Asia;;;;0,184;4,80E-02;5,70E-02;6,10E-02;7,20E-02;683;822;;4,786;0,39047;0,85563;0,57379;0,47216;0,22974;0,15072;23,4;1,9;73,5;71,3;3,1;69,2;9952787;143100;69,5513;1,0208;0,12;27;47,84;65,85;2523;7,32;73,19;5,57;5,63;0;0;7,91;6787161;96,77;4,84;83;27929;23018;0,49;0,6;2549842;50,3;1,9;72,69;2,02;28,27;19,49;2430291;0,87;2,91;-7192;49,7;2
United Republic of Tanzania;Africa;;;;0,372;0,339;0,257;0,313;0,332;;;;3,781;0,2852;1,00268;0,38215;0,32878;0,34377;0,05747;;;;;;;65497748;945087;69,3034;1,03;0,82;;126,38;89,63;42819;11,28;34,38;3,6;2,78;23,89;9,2;1,67;39216539;29,1;6,01;237;147662;92791;0,31;0,49;20656040;49,38;1,57;65,5;1,92;37,11;54,34;28031346;10,36;5,14;-64819;50,62;3
Thailand;Asia;;;;0,198;0,171;0,111;5,70E-02;0,157;5,081;3,29;3,467;6,455;0,9669;1,26504;0,7385;0,55664;0,5763;3,19E-02;7,1;0,2;83,9;79,7;1,3;75,5;71697030;513120;139,7276;1,0013;0,9;15,8;33,63;41,91;3836;9,51;76,58;3,02;0,74;25,61;22,5;0,71;35160432;98,42;7,14;150;1291175;818237;2,36;3,53;36147331;48,7;2,78;49,31;-1,24;9,38;13,9;39952396;7,85;1,73;3758;51,3;329
Timor-Leste;Asia;;;;0,68;0,488;0,396;0,465;0,426;244;78;51;;;;;;;;30,9;1,4;70,8;69,1;3;67,4;1341296;14874;90,1772;1,0154;0,02;40;35,21;72,53;486;6,86;53,08;4,18;5,91;0;39,8;3,25;884181;55,19;6,89;498;4762;3918;0,6;0,76;396257;51;3,44;69,05;0,93;25,51;40,06;542136;0,4;2,66;-5265;49;
Togo;Africa;;;;0,422;0,238;0,272;0,355;0,318;1,498;;;2,839;0,20868;0,13995;0,28443;0,36453;0,16681;0,10731;43,9;2,3;62,2;61,6;4,2;60,9;8848699;56785;155,8281;1,0236;0,11;18,7;79,62;77,74;5917;10,32;41,12;4,2;2,8;5,6;7,1;4,55;4760552;18,35;8,46;37;11284;9227;0,22;0,28;3482542;50,25;0,86;57,75;1,47;32,76;48,56;2827220;1,42;3,71;-1997;49,75;
Tonga;Oceania;;;;;;;;;17;13;3;;;;;;;;9,2;0,9;74,1;71,3;3,2;68,6;106858;747;143,0495;1,0079;0;3,7;19,5;71,33;17;9,52;79,4;5,27;3,12;32,95;31,1;1,64;80700;94,52;6,91;11;769;515;0,99;1,45;24251;49,54;2,89;76,89;-0,16;23,42;11,08;36419;0,38;-0,29;-1898;50,46;
Trinidad and Tobago;Americas;29,4;;;0,779;0,656;0,501;0,706;0,622;;;;6,168;1,21183;1,18354;0,61483;0,55884;0,31844;0,0114;15;0,3;78,2;74,7;1,6;71,3;1531044;5130;298,4491;1,0035;0,02;26,2;39,11;42,39;172;10,36;82,66;3,6;4,04;0;0;3,13;711537;93,92;7,7;16;16885;8746;1,16;2,2;808418;49,47;3,14;46,81;1;12,36;6,98;695102;6,06;1,01;-19248;50,53;
Tunisia;Africa;;;;0,538;0,388;0,356;0,467;0,463;1,115;488;520;4,739;0,88113;0,60429;0,73793;0,26268;6,43E-02;6,36E-02;13,5;0,8;77,4;74,3;2,1;71,4;12356117;163610;75,5218;1,0076;0,15;26,3;7,07;49,87;2258;6,91;85,94;0;22,17;79,72;25;12,26;3704682;96,38;6,14;35;110831;75907;1,27;1,82;8344632;49,49;2,82;30,75;-3,00E-02;17,22;7,14;4240590;2,01;1,42;-19609;50,51;12
Türkiye;Asia;2,5;1;4;0,283;0,123;0,173;8,70E-02;0,219;5,434;5,278;5,691;;;;;;;;7,7;0,6;81,5;78,5;1,9;75,4;85341241;783562;108,9145;1,0067;1,07;17,4;19,29;46,74;5815;4,67;90,17;4,45;16,43;72,7;30,9;12,34;20124610;98,69;5,08;16;763431;368730;0,89;1,85;62454830;50,15;3,39;24,37;-0,55;15,59;5,17;33249207;1,82;2,08;-218341;49,85;542
Turkmenistan;Asia;;;;0,15;3,60E-02;3,20E-02;3,00E-02;8,70E-02;;;;5,548;0,95847;1,22668;0,53886;0,4761;0,16979;0,30844;32,9;1,4;72,9;69,4;2,6;65,9;6430770;488100;13,1751;1,014;8,00E-02;25,9;23,3;55,55;1378;5,74;72,3;3,19;2,87;0;5,8;5,73;2953086;99;6,58;45;28182;13688;0,45;0,91;3205334;49,53;1,01;47,95;0,58;23,06;21,95;1983961;2,93;2,41;-9612;50,47;
Tuvalu;Oceania;;;;;;;;;1;;;;;;;;;;17,6;0,8;69,4;64,9;3,1;61,1;11312;26;435,0769;1,0096;0;6,3;33,23;59,64;3;0;0;0;0;38,66;36;0;4030;83,5;10,16;296;58;29;0,52;1,1;6926;51,61;15,64;36,78;-1,4;23,62;0;0;1,25;2,16;-57;48,38;
Uganda;Africa;8,5;;;0,291;0,203;0,183;0,257;0,163;8,264;;;3,931;0,21102;1,13299;0,33861;0,45727;0,29066;7,27E-02;30,4;2,8;65,7;63,6;4,5;61,5;47249585;241550;195,61;1,0304;0,59;33,8;112,08;91,74;28720;12,76;35,58;2,31;4,05;17,33;8,9;3,07;32486255;20,41;5,82;200;41001;22595;0,11;0,19;10462825;49,46;0,57;75,64;2,62;37,67;51,66;16175558;12,21;5,83;107203;50,54;15
Ukraine;Europe;3,8;;;0,513;0,312;0,322;0,426;0,37;1,537;1,714;656;4,681;0,79907;1,20278;0,6739;0,25123;0,15275;2,96E-02;7,1;-18,4;73,9;68,6;1,3;63,5;39701739;603500;65,7858;0,912;0,5;20,3;16,55;47,76;1709;5,01;91,86;5,44;7,86;71,98;26,2;8,5;13549776;97,74;14,7;77;1409249;525852;2,56;5,92;30836427;46,32;3,18;30,53;-0,93;8,1;3,13;21148251;8,7;-0,36;-7812;53,68;61
United Arab Emirates;Asia;0,5;0,4;0,5;9,90E-02;8,20E-02;3,20E-02;8,60E-02;0,134;461;260;;6,901;1,42727;1,12575;0,80925;0,64157;0,26428;0,38583;5,2;0,8;81,4;79,2;1,4;77,7;9441129;83600;112,9322;1,0081;0,12;50;3,82;19,31;436;15,81;77,1;3,86;5,99;98,46;0;1,5;1216952;99,1;1,47;1;20197;16194;0,25;0,73;7994705;69,95;2,24;13,21;-1,22;9,75;7,09;6479503;2,37;1,09;-4466;30,05;
United Kingdom;Europe;;;;0,862;0,787;0,633;0,766;0,715;4,621;2,335;4,04;6,867;1,26637;1,28548;0,90943;0,59625;0,51912;0,32067;3,2;0,3;83,8;82,2;1,6;80,4;67508936;242900;277,9289;1,0034;0,85;34,4;11,34;57,24;1885;3,69;88,16;5,25;3,53;98,08;16,1;3,92;10926403;99,11;9;8,1;2004041;1362177;4,13;5,92;55909924;49,38;7,92;16,35;-0,98;10,7;8,16;34695933;10,82;0,87;221179;50,62;105
United States of America;Americas;;;;0,813;0,735;0,577;0,702;0,581;;;;7,119;1,39451;1,24711;0,86179;0,54604;0,40105;0,1589;;;;;;;338289857;9372610;36,0935;1,0038;4,24;;16,41;52,74;10296;6,55;88,14;4,99;3,61;97,11;23,4;3,72;57592357;99,68;8,7;2,9;7191218;4920646;3,02;4,34;270737596;49,56;8,6;17,54;-0,7;11,4;5,3;167100511;9,57;0,7;1158444;50,44;64
Uruguay;Americas;8,9;2,3;16;0,849;0,775;0,664;0,724;0,706;317;180;160;6,485;1,06166;1,2089;0,8116;0,60362;0,2324;0,24558;5,8;0;81,7;78;1,5;74,1;3422794;181034;18,9069;0,999;4,00E-02;25,3;38,38;54,65;176;7,34;85,51;4,64;10,51;0;22;7,2;156815;97,77;10,06;35;111795;45792;2,76;6,32;3271594;48,39;6,25;4,57;-1,95;10,82;7,15;1743411;5,45;0,14;-2902;51,61;1
Uzbekistan;Asia;1,4;1,1;1,8;0,212;8,20E-02;0,062;0,162;0,154;2,135;2,405;1,559;6,003;0,63244;1,34043;0,59772;0,65821;0,22837;0,30826;12,4;1,6;74,3;71,7;2,8;69;34627652;447400;77,3975;1,016;0,43;33,3;17,45;51,91;5062;6,61;85,18;6,3;5,61;74,41;17,8;6;16644772;95,94;4,6;67;176724;82976;0,49;1,05;16935578;50,02;2,26;49,57;1,97;24,3;8,21;13371837;2,6;1,79;-69397;49,98;
Vanuatu;Oceania;;;;0,771;0,651;0,483;0,619;0,586;46;15;5;;;;;;;;18,8;2,4;73,1;70,5;3,7;68,3;326740;12189;26,8061;1,0238;0;0;65,86;77,1;103;9,22;73,93;1,77;1,55;0;18,2;1,92;227104;48,34;5,66;41;1226;1147;0,75;0,81;77300;50,31;1,9;74,61;2,2;30,4;16,86;126759;1,87;2,84;-403;49,69;
Venezuela;Americas;19,3;;;0,218;6,40E-02;0,166;3,60E-02;0,122;3,476;1,646;877;6,81;1,04424;1,25596;0,72052;0,42908;5,84E-02;0,11069;14,8;1,8;75,7;71,1;2,2;66,9;28301696;916445;30,882;1,0036;0,35;;85,34;56,81;5377;19,38;65,06;0;5,94;26,56;0;4,56;3407070;96,76;7,02;45;225442;125525;0,87;1,54;25564613;49,59;0,81;11,76;-3,18;16,89;15,56;11431538;3,02;-2,87;-976460;50,41;6
Viet Nam;Asia;;;;0,157;0,112;0,168;0,189;0,186;;;;5,36;0,63216;0,91226;0,74676;0,59444;0,1686;0,10441;;;;;;;98186856;331212;296,4472;1,0074;1,23;;34,7;44,79;12424;9,33;81,37;3,08;1,6;42,31;25;1,76;60695620;86,64;6,71;176;1125629;449144;0,95;2,32;35081096;49,37;2,04;63,37;-0,21;15,66;9,3;55877866;9,34;2,86;-4028;50,63;
State of Palestine;Asia;;;;0,26;0,144;0,174;0,149;0,196;;;;;;;;;;;;;;;;;5250072;6220;844,063;1,0227;7,00E-02;;45,98;75,83;1424;0;0;0;40,89;65,45;0;21,2;1103858;98,15;3,22;0,53;14079;8564;0,37;0,6;3581448;49,84;0;23,56;1,35;29,47;0;1249457;0;2,87;-24737;50,16;157
Yemen;Asia;;;;0,114;3,50E-02;6,70E-02;1,80E-02;2,80E-02;;;;4,077;0,54649;0,68093;0,40064;0,35571;9,13E-02;7,85E-02;46,8;2,2;67,2;63,7;3,7;60,5;33696614;527968;63,8232;1,0217;0,42;0;57,83;76,18;24203;19,49;50,36;0;25,04;18,57;20,5;11,96;19788293;53,63;6,42;48;71483;43703;0,27;0,46;11758398;50,57;0;62,73;1,43;31,78;30,15;7138301;3,00E-02;4,13;-39769;49,43;525
Zambia;Africa;;;;0,411;0,318;0,27;0,221;0,259;3,216;471;;5,129;0,47038;0,91612;0,29924;0,48827;0,19591;0,12468;38,2;2,7;64,5;61,8;4,2;59,1;20017675;752612;26,5976;1,028;0,25;15,1;122,84;84,54;9546;8,69;34,79;4,42;5,22;0;14,6;5,8;10279833;35,46;6,57;333;25055;13257;0,15;0,27;8100644;49,33;2,14;55,93;2,03;35,46;56,52;6117559;3,85;4,27;18019;50,67;
Zimbabwe;Africa;6,1;1,9;10,9;0,291;0,194;0,221;0,215;0,191;2,658;;;4,61;0,271;1,03276;0,33475;0,25861;0,18987;8,08E-02;37,4;2,1;62,1;59,4;3,4;56,4;16320537;390757;41,7665;1,0204;0,2;30,6;97,35;81,21;8426;13,09;39,26;0;6,99;32,96;12,1;7,76;10408889;35,77;8,04;199;44686;25432;0,35;0,55;4945719;47,1;0,52;67,79;1,99;31,52;47,65;5912685;3,63;1,99;-59918;52,9;
Niue;Oceania;;;;;;;;;0;0;0;;;;;;;;19,4;0,3;72,9;71,2;2,4;69,5;1934;260;7,4385;0,9985;0;;;;;;;;;;;;;;;;;;;;;;;;;;;;;;;;
Holy See;Europe;0;;;;;;;;;;;;;;;;;;;1;;;;;510;1;510;0,998;0;;;;;;;;;;;;;;;;;;;;;;;;;;;;;;;;
Moldova;Europe;;;;0,745;0,616;0,515;0,6;0,573;;;;5,889;0,59448;1,01528;0,61826;0,32818;0,20951;1,62E-02;;;;;;;3272996;33846;96,7026;1,0691;4,00E-02;;;;;;;;;;;;;;;;;;;;;;;;;;;;;;;;
